"N","Time","avg(X)","avg(Y)","avg(Z)","avg(concentrations (0))","avg(concentrations (1))","avg(concentrations (2))","avg(concentrations (3))","avg(concentrations (Magnitude))","avg(fa_u (0))","avg(fa_u (1))","avg(fa_u (2))","avg(fa_u (Magnitude))","avg(vtkOriginalPointIds)","max(X)","max(Y)","max(Z)","max(concentrations (0))","max(concentrations (1))","max(concentrations (2))","max(concentrations (3))","max(concentrations (Magnitude))","max(fa_u (0))","max(fa_u (1))","max(fa_u (2))","max(fa_u (Magnitude))","max(vtkOriginalPointIds)","med(X)","med(Y)","med(Z)","med(concentrations (0))","med(concentrations (1))","med(concentrations (2))","med(concentrations (3))","med(concentrations (Magnitude))","med(fa_u (0))","med(fa_u (1))","med(fa_u (2))","med(fa_u (Magnitude))","med(vtkOriginalPointIds)","min(X)","min(Y)","min(Z)","min(concentrations (0))","min(concentrations (1))","min(concentrations (2))","min(concentrations (3))","min(concentrations (Magnitude))","min(fa_u (0))","min(fa_u (1))","min(fa_u (2))","min(fa_u (Magnitude))","min(vtkOriginalPointIds)","q1(X)","q1(Y)","q1(Z)","q1(concentrations (0))","q1(concentrations (1))","q1(concentrations (2))","q1(concentrations (3))","q1(concentrations (Magnitude))","q1(fa_u (0))","q1(fa_u (1))","q1(fa_u (2))","q1(fa_u (Magnitude))","q1(vtkOriginalPointIds)","q3(X)","q3(Y)","q3(Z)","q3(concentrations (0))","q3(concentrations (1))","q3(concentrations (2))","q3(concentrations (3))","q3(concentrations (Magnitude))","q3(fa_u (0))","q3(fa_u (1))","q3(fa_u (2))","q3(fa_u (Magnitude))","q3(vtkOriginalPointIds)","std(X)","std(Y)","std(Z)","std(concentrations (0))","std(concentrations (1))","std(concentrations (2))","std(concentrations (3))","std(concentrations (Magnitude))","std(fa_u (0))","std(fa_u (1))","std(fa_u (2))","std(fa_u (Magnitude))","std(vtkOriginalPointIds)","vtkValidPointMask"
296,0,0.065979,-0.0068229,0,0,0.99986,0.032442,0.090713,1.0218,7.1813e-07,5.9226e-07,0,9.0713e-05,147.5,10.049,10.049,0,0,1,0.03251,0.55308,1.143,0.0005321,0.00053421,0,0.00055308,295,0.074662,0.019809,0,0,0.99989,0.03243,0.0052357,1.0005,6.4334e-09,1.2976e-08,0,5.2357e-06,147,-9.9494,-9.9494,0,0,0.99971,0.032429,0.00013173,1.0004,-0.00052411,-0.00052802,0,1.3173e-07,0,-3.9208,-4.0231,0,0,0.99976,0.032429,0.00039603,1.0004,-3.1737e-06,-3.1618e-06,0,3.9603e-07,73,3.9994,3.9976,0,0,0.99996,0.03243,0.014102,1.0005,3.3891e-06,3.4291e-06,0,1.4102e-05,221,5.1522,5.1643,0,0,9.6086e-05,2.8295e-05,0.19352,0.048541,0.00015109,0.00015125,0,0.00019352,85.592,1
296,1,0.065981,-0.0068196,0,0,0.99939,0.053565,0.37595,1.1709,1.5953e-06,2.8174e-06,0,0.00037595,147.5,10.047,10.047,0,0,0.99964,0.054709,1.8015,2.0608,0.0017491,0.0017498,0,0.0018015,295,0.074664,0.01981,0,0,0.9994,0.053368,0.14164,1.0108,7.8391e-08,5.2256e-07,0,0.00014164,147,-9.947,-9.947,0,0,0.99923,0.053289,0.0085843,1.0011,-0.0017438,-0.00175,0,8.5843e-06,0,-3.9207,-4.023,0,0,0.99927,0.053319,0.068167,1.0033,-7.4538e-05,-7.6576e-05,0,6.8167e-05,73,3.9992,3.9975,0,0,0.99951,0.053389,0.16083,1.0136,7.8245e-05,8.2858e-05,0,0.00016083,221,5.1518,5.1638,0,0,0.00012439,0.00048568,0.60524,0.37086,0.00050493,0.00050316,0,0.00060524,85.592,1
296,2,0.065988,-0.0068156,0,0,0.99918,0.067301,0.33299,1.1918,7.6785e-06,2.4254e-06,0,0.00033299,147.5,10.046,10.048,0,0,0.9994,0.070066,2.2812,2.4913,0.001911,0.0022064,0,0.0022812,295,0.074664,0.019809,0,0,0.9992,0.06684,0.026813,1.0017,9.9202e-08,1.9491e-06,0,2.6813e-05,147,-9.9458,-9.9457,0,0,0.99871,0.066712,0.00048804,1.0015,-0.0018789,-0.0021345,0,4.8804e-07,0,-3.9208,-4.0231,0,0,0.99905,0.066776,0.010958,1.0016,-1.2895e-05,-1.456e-05,0,1.0958e-05,73,3.9993,3.9976,0,0,0.99931,0.066857,0.047968,1.0025,1.1417e-05,1.9441e-05,0,4.7968e-05,221,5.1517,5.1637,0,0,0.00014066,0.0011137,0.70564,0.43615,0.00054613,0.00055755,0,0.00070564,85.592,1
296,3,0.065969,-0.0068334,0,0,0.99887,0.076338,0.45406,1.2632,-1.1805e-05,-8.479e-06,0,0.00045406,147.5,10.044,10.046,0,0,0.99904,0.082354,4.8416,4.9442,0.0024488,0.0035587,0,0.0048416,295,0.074666,0.019802,0,0,0.99888,0.075506,0.091664,1.0058,1.6074e-06,-7.0003e-06,0,9.1664e-05,147,-9.9442,-9.9442,0,0,0.99844,0.075338,0.0044693,1.0019,-0.003418,-0.003429,0,4.4693e-06,0,-3.9208,-4.023,0,0,0.99878,0.075422,0.057948,1.0034,-5.5644e-05,-6.8888e-05,0,5.7948e-05,73,3.9992,3.9975,0,0,0.99896,0.075551,0.11857,1.0087,4.3999e-05,4.3082e-05,0,0.00011857,221,5.1514,5.1634,0,0,0.00011275,0.0019763,0.87677,0.61759,0.0007018,0.00069489,0,0.00087677,85.592,1
296,4,0.065993,-0.0068174,0,0,0.99855,0.082302,0.47356,1.3213,1.0126e-05,1.6875e-06,0,0.00047356,147.5,10.043,10.043,0,0,0.99877,0.089634,4.3567,4.4706,0.0034586,0.0029866,0,0.0043567,295,0.074667,0.019819,0,0,0.99856,0.081055,0.018393,1.0021,2.8499e-06,9.9263e-06,0,1.8393e-05,147,-9.9427,-9.9426,0,0,0.99826,0.08089,0.0021169,1.0018,-0.0027888,-0.0038588,0,2.1169e-06,0,-3.9207,-4.023,0,0,0.99844,0.080983,0.01187,1.002,-6.4488e-06,-3.1106e-06,0,1.187e-05,73,3.9993,3.9975,0,0,0.99865,0.081132,0.056533,1.0033,1.545e-05,1.762e-05,0,5.6533e-05,221,5.1511,5.1632,0,0,0.000124,0.0028789,1.0342,0.74162,0.00079922,0.00080976,0,0.0010342,85.592,1
296,5,0.065978,-0.0068146,0,0,0.99824,0.086319,0.54737,1.3779,-4.0864e-06,6.1555e-06,0,0.00054737,147.5,10.041,10.043,0,0,0.99845,0.095911,4.8173,4.9205,0.0034266,0.0038954,0,0.0048173,295,0.07466,0.019796,0,0,0.99825,0.08466,0.04442,1.0028,-6.4868e-06,-7.4481e-06,0,4.442e-05,147,-9.9411,-9.9411,0,0,0.99801,0.084466,0.0015536,1.0019,-0.0031282,-0.0035109,0,1.5536e-06,0,-3.9207,-4.023,0,0,0.99812,0.084574,0.03159,1.0024,-3.6811e-05,-2.6691e-05,0,3.159e-05,73,3.9992,3.9975,0,0,0.99835,0.084748,0.06652,1.004,2.5351e-05,3.0847e-05,0,6.652e-05,221,5.1509,5.1629,0,0,0.00011977,0.0038241,1.1662,0.87346,0.00090462,0.00091769,0,0.0011662,85.592,1
296,6,0.065987,-0.0068236,0,0,0.99792,0.08902,0.61145,1.4393,4.1474e-06,-3.2882e-06,0,0.00061145,147.5,10.04,10.04,0,0,0.99814,0.10064,6.822,6.8953,0.005906,0.0044366,0,0.006822,295,0.074671,0.019811,0,0,0.99792,0.086934,0.049498,1.0029,5.4016e-06,1.3643e-06,0,4.9498e-05,147,-9.9395,-9.9394,0,0,0.99752,0.086769,0.0011296,1.0018,-0.0035289,-0.004136,0,1.1296e-06,0,-3.9208,-4.023,0,0,0.9978,0.086854,0.020156,1.002,-2.526e-05,-3.2825e-05,0,2.0156e-05,73,3.9992,3.9975,0,0,0.99803,0.087017,0.07055,1.0041,2.2888e-05,1.3867e-05,0,7.055e-05,221,5.1506,5.1627,0,0,0.00013187,0.0047807,1.3243,1.0284,0.0010385,0.0010249,0,0.0013243,85.592,1
296,7,0.066001,-0.0068197,0,0,0.99759,0.090942,0.65424,1.4906,1.817e-05,-1.9861e-06,0,0.00065424,147.5,10.038,10.039,0,0,0.99782,0.10479,6.577,6.653,0.0060769,0.0040345,0,0.006577,295,0.074661,0.019811,0,0,0.9976,0.088427,0.02436,1.0018,-2.6367e-06,2.42e-06,0,2.436e-05,147,-9.9377,-9.9378,0,0,0.99715,0.088244,0.0011195,1.0014,-0.0038783,-0.0039493,0,1.1195e-06,0,-3.9207,-4.023,0,0,0.99746,0.088345,0.013323,1.0017,-1.3648e-05,-6.0489e-06,0,1.3323e-05,73,3.9992,3.9975,0,0,0.99771,0.088519,0.063057,1.0035,1.5405e-05,2.3437e-05,0,6.3057e-05,221,5.1503,5.1624,0,0,0.00014162,0.0057499,1.445,1.1379,0.0011348,0.0011089,0,0.001445,85.592,1
296,8,0.065979,-0.0068027,0,0,0.99722,0.092318,0.74277,1.5578,-6.8299e-06,1.4778e-05,0,0.00074277,147.5,10.036,10.038,0,0,0.99746,0.10867,6.9955,7.067,0.0045685,0.0052661,0,0.0069955,295,0.074669,0.019803,0,0,0.99721,0.089386,0.051742,1.0026,-1.9372e-06,-1.7058e-06,0,5.1742e-05,147,-9.936,-9.9359,0,0,0.99696,0.089201,0.0034452,1.0013,-0.0060563,-0.0044447,0,3.4452e-06,0,-3.9207,-4.023,0,0,0.9971,0.089288,0.033898,1.0019,-3.9827e-05,-3.8119e-05,0,3.3898e-05,73,3.9992,3.9975,0,0,0.99733,0.089488,0.092489,1.0055,2.1284e-05,3.4183e-05,0,9.2489e-05,221,5.15,5.1621,0,0,0.00013502,0.0067167,1.5881,1.2834,0.0012456,0.0012345,0,0.0015881,85.592,1
296,9,0.065997,-0.0068202,0,0,0.99686,0.093343,0.78886,1.6158,8.7222e-06,-5.8411e-06,0,0.00078886,147.5,10.034,10.035,0,0,0.99713,0.11179,7.1351,7.2052,0.0052106,0.0052181,0,0.0071351,295,0.074661,0.019811,0,0,0.99686,0.089997,0.035297,1.0015,3.6396e-06,-1.6945e-06,0,3.5297e-05,147,-9.9343,-9.9341,0,0,0.99649,0.089819,0.001472,1.0009,-0.0046122,-0.0070732,0,1.472e-06,0,-3.9208,-4.023,0,0,0.99672,0.089901,0.01536,1.0012,-8.9097e-06,-2.1697e-05,0,1.536e-05,73,3.9992,3.9975,0,0,0.99699,0.090096,0.067445,1.0032,3.2905e-05,1.2459e-05,0,6.7445e-05,221,5.1498,5.1618,0,0,0.00015546,0.0076528,1.7273,1.4122,0.0013235,0.0013625,0,0.0017273,85.592,1
296,10,0.065993,-0.0067956,0,0,0.99648,0.09414,0.84976,1.6717,3.1338e-06,2.0549e-05,0,0.00084976,147.5,10.033,10.033,0,0,0.99677,0.11455,7.232,7.3011,0.0055867,0.006998,0,0.007232,295,0.074682,0.019802,0,0,0.99647,0.090407,0.041095,1.0014,-4.5981e-06,1.9055e-06,0,4.1094e-05,147,-9.9324,-9.9322,0,0,0.99589,0.090211,0.0017593,1.0007,-0.0054422,-0.005289,0,1.7593e-06,0,-3.9206,-4.023,0,0,0.99634,0.090305,0.026838,1.001,-3.2183e-05,-1.5411e-05,0,2.6838e-05,73,3.9992,3.9974,0,0,0.99663,0.090516,0.062776,1.0025,2.5657e-05,3.195e-05,0,6.2776e-05,221,5.1494,5.1615,0,0,0.00017605,0.0085492,1.8574,1.5413,0.0014352,0.0014541,0,0.0018574,85.592,1
296,11,0.066,-0.0068206,0,0,0.99613,0.094798,0.88204,1.702,9.4106e-06,-6.6224e-06,0,0.00088204,147.5,10.031,10.032,0,0,0.99637,0.11739,6.823,6.8963,0.0054657,0.0057393,0,0.006823,295,0.074657,0.019805,0,0,0.99614,0.090659,0.045085,1.0012,-1.0889e-06,-1.9146e-07,0,4.5085e-05,147,-9.9304,-9.9302,0,0,0.99586,0.090469,0.00014837,1.0002,-0.0059237,-0.0053234,0,1.4837e-07,0,-3.9207,-4.023,0,0,0.99599,0.090552,0.023885,1.0007,-2.2472e-05,-4.0812e-05,0,2.3885e-05,73,3.9992,3.9974,0,0,0.99626,0.090769,0.069715,1.0027,2.163e-05,1.6699e-05,0,6.9715e-05,221,5.1492,5.1612,0,0,0.00014294,0.0094673,1.9281,1.6113,0.0015076,0.0014917,0,0.0019281,85.592,1
296,12,0.066002,-0.0068007,0,0,0.99574,0.095359,0.93311,1.7508,1.0492e-05,1.0522e-05,0,0.0009331,147.5,10.029,10.03,0,0,0.99598,0.11998,6.688,6.7628,0.0056222,0.0057417,0,0.006688,295,0.074663,0.019813,0,0,0.99575,0.090826,0.042347,1.0007,5.6144e-07,5.4861e-06,0,4.2347e-05,147,-9.9285,-9.9286,0,0,0.99551,0.090626,0.0019573,1.0001,-0.0055186,-0.0066308,0,1.9573e-06,0,-3.9208,-4.0229,0,0,0.99561,0.090719,0.026619,1.0003,-2.4155e-05,-1.6002e-05,0,2.6619e-05,73,3.9992,3.9974,0,0,0.99586,0.090927,0.076392,1.0028,2.6903e-05,3.7495e-05,0,7.6392e-05,221,5.1488,5.1609,0,0,0.00013582,0.010371,2.032,1.712,0.0015795,0.0015836,0,0.002032,85.592,1
296,13,0.065987,-0.0068008,0,0,0.99533,0.095828,0.99287,1.8115,-7.3543e-06,9.3516e-06,0,0.00099287,147.5,10.027,10.027,0,0,0.99561,0.12245,8.4697,8.5288,0.0060279,0.0071832,0,0.0084697,295,0.074679,0.019803,0,0,0.99533,0.090932,0.044352,1.0004,7.4575e-08,-8.211e-07,0,4.4352e-05,147,-9.9265,-9.9265,0,0,0.99501,0.090731,0.0020112,0.99951,-0.0073313,-0.0061586,0,2.0112e-06,0,-3.9206,-4.023,0,0,0.99518,0.090823,0.022998,0.99988,-3.2677e-05,-2.0761e-05,0,2.2998e-05,73,3.9992,3.9974,0,0,0.99546,0.090999,0.067052,1.0016,2.7677e-05,2.4894e-05,0,6.7052e-05,221,5.1485,5.1606,0,0,0.00015805,0.011216,2.1847,1.8636,0.0017078,0.0016868,0,0.0021847,85.592,1
296,14,0.066024,-0.0067793,0,0,0.99494,0.096245,1.0288,1.8471,2.6003e-05,2.843e-05,0,0.0010288,147.5,10.025,10.026,0,0,0.99522,0.12503,9.1082,9.1631,0.0062047,0.0090333,0,0.0091082,295,0.07467,0.019803,0,0,0.99495,0.091005,0.042374,1,1.0814e-05,6.5692e-06,0,4.2374e-05,147,-9.9245,-9.9243,0,0,0.9944,0.090795,0.0013437,0.9989,-0.0062698,-0.0062177,0,1.3437e-06,0,-3.9207,-4.023,0,0,0.99479,0.090893,0.021864,0.99943,-8.7663e-06,-3.3109e-05,0,2.1864e-05,73,3.9992,3.9974,0,0,0.9951,0.091078,0.07422,1.0019,3.1175e-05,2.1486e-05,0,7.422e-05,221,5.1482,5.1603,0,0,0.00018315,0.012005,2.2736,1.952,0.0017516,0.0017781,0,0.0022736,85.592,1
296,15,0.066013,-0.0068051,0,0,0.99452,0.096671,1.0859,1.8949,1.8046e-05,1.9961e-06,0,0.0010859,147.5,10.025,10.024,0,0,0.9948,0.12755,8.3618,8.4217,0.0073124,0.0069402,0,0.0083618,295,0.074657,0.019818,0,0,0.99454,0.091063,0.047072,0.99974,-9.7346e-06,1.6075e-06,0,4.7072e-05,147,-9.9223,-9.9219,0,0,0.99392,0.090842,0.0024697,0.99857,-0.0065096,-0.0077228,0,2.4697e-06,0,-3.9207,-4.0229,0,0,0.99437,0.090945,0.030331,0.99922,-4.424e-05,-3.4982e-05,0,3.0331e-05,73,3.9991,3.9974,0,0,0.99468,0.091151,0.097788,1.0033,2.6831e-05,2.335e-05,0,9.7788e-05,221,5.1479,5.1599,0,0,0.00017691,0.012843,2.3707,2.05,0.0018376,0.0018511,0,0.0023707,85.592,1
296,16,0.065995,-0.0068043,0,0,0.9941,0.09707,1.1332,1.9429,-3.1473e-06,9.3581e-07,0,0.0011332,147.5,10.02,10.022,0,0,0.99438,0.12949,7.9777,8.0404,0.0068915,0.0074818,0,0.0079777,295,0.074681,0.019797,0,0,0.99409,0.091102,0.047622,0.99939,6.4076e-06,7.6608e-06,0,4.7622e-05,147,-9.9202,-9.9202,0,0,0.99375,0.090875,0.0034138,0.99828,-0.0074646,-0.0068029,0,3.4138e-06,0,-3.9206,-4.0229,0,0,0.99395,0.090981,0.02647,0.99879,-2.836e-05,-1.8841e-05,0,2.647e-05,73,3.9991,3.9974,0,0,0.99423,0.091193,0.085192,1.0019,2.3426e-05,3.3086e-05,0,8.5192e-05,221,5.1475,5.1596,0,0,0.00015741,0.013666,2.4791,2.156,0.0019255,0.0019306,0,0.0024791,85.592,1
296,17,0.066014,-0.0068039,0,0,0.99369,0.097434,1.1624,1.9741,1.4401e-05,1.5348e-06,0,0.0011624,147.5,10.018,10.019,0,0,0.99397,0.13164,8.2189,8.2798,0.0069916,0.0081493,0,0.0082189,295,0.074668,0.019796,0,0,0.9937,0.091117,0.048561,0.999,5.9566e-06,5.5898e-06,0,4.8561e-05,147,-9.9182,-9.9185,0,0,0.9933,0.0909,0.0023173,0.99789,-0.0079593,-0.0071924,0,2.3173e-06,0,-3.9206,-4.0229,0,0,0.99354,0.09101,0.025077,0.99828,-1.4502e-05,-2.9308e-05,0,2.5077e-05,73,3.9992,3.9974,0,0,0.99383,0.091225,0.076285,1.0007,4.1696e-05,2.7499e-05,0,7.6285e-05,221,5.1472,5.1593,0,0,0.00016148,0.01444,2.5577,2.2333,0.0019848,0.0019894,0,0.0025577,85.592,1
296,18,0.066005,-0.0067949,0,0,0.99326,0.097791,1.2099,2.0165,3.0812e-06,7.4635e-06,0,0.0012099,147.5,10.017,10.018,0,0,0.99353,0.13412,9.5002,9.5528,0.0078537,0.0078947,0,0.0095002,295,0.074663,0.019818,0,0,0.99327,0.091134,0.052574,0.99873,-3.6581e-06,2.4801e-06,0,5.2574e-05,147,-9.9161,-9.916,0,0,0.99297,0.09091,0.0027348,0.99764,-0.0088049,-0.0072083,0,2.7348e-06,0,-3.9206,-4.0229,0,0,0.99311,0.091017,0.03473,0.99812,-4.2924e-05,-3.0388e-05,0,3.473e-05,73,3.9991,3.9974,0,0,0.99339,0.091238,0.081959,1.0008,2.8729e-05,3.445e-05,0,8.1959e-05,221,5.1468,5.1589,0,0,0.00015406,0.015222,2.6579,2.3352,0.0020736,0.0020575,0,0.0026579,85.592,1
296,19,0.066015,-0.0067905,0,0,0.9928,0.098133,1.259,2.0691,1.2269e-05,1.1351e-05,0,0.001259,147.5,10.015,10.015,0,0,0.9931,0.1365,9.5263,9.5788,0.0075812,0.0088126,0,0.0095263,295,0.074678,0.019802,0,0,0.99282,0.091138,0.04848,0.99816,5.907e-06,2.1354e-06,0,4.848e-05,147,-9.9138,-9.9133,0,0,0.9925,0.090912,0.0012707,0.99697,-0.0079368,-0.0076901,0,1.2707e-06,0,-3.9206,-4.0229,0,0,0.99265,0.091027,0.028335,0.99751,-2.0379e-05,-3.1678e-05,0,2.8335e-05,73,3.9991,3.9973,0,0,0.99295,0.091218,0.067771,0.99914,2.6659e-05,2.9195e-05,0,6.7771e-05,221,5.1465,5.1585,0,0,0.00016181,0.016002,2.7712,2.444,0.0021531,0.0021526,0,0.0027712,85.592,1
296,20,0.066012,-0.0067877,0,0,0.99237,0.098459,1.2923,2.1074,8.8191e-06,1.2006e-05,0,0.0012923,147.5,10.011,10.013,0,0,0.99267,0.13857,10.366,10.414,0.0078754,0.0080506,0,0.010366,295,0.074673,0.019794,0,0,0.99237,0.091145,0.043869,0.99743,-7.2322e-06,2.6409e-06,0,4.387e-05,147,-9.9116,-9.9114,0,0,0.99198,0.090915,0.0036576,0.99642,-0.0089354,-0.0078809,0,3.6576e-06,0,-3.9206,-4.0229,0,0,0.9922,0.091033,0.023583,0.99699,-2.61e-05,-2.3276e-05,0,2.3583e-05,73,3.9991,3.9973,0,0,0.99253,0.091215,0.057644,0.99814,3.0789e-05,2.0444e-05,0,5.7644e-05,221,5.1461,5.1582,0,0,0.00017575,0.016739,2.8694,2.5399,0.0022353,0.0022164,0,0.0028694,85.592,1
296,21,0.066016,-0.0067785,0,0,0.99194,0.098785,1.3254,2.1348,1.0717e-05,2.0101e-05,0,0.0013254,147.5,10.01,10.011,0,0,0.99222,0.14052,8.8428,8.8993,0.0080616,0.008768,0,0.0088428,295,0.074664,0.019812,0,0,0.99195,0.091154,0.049797,0.99726,8.9985e-07,3.5929e-06,0,4.9797e-05,147,-9.9093,-9.9095,0,0,0.99159,0.090914,0.0046786,0.99639,-0.0081745,-0.0080788,0,4.6786e-06,0,-3.9206,-4.0229,0,0,0.99177,0.091033,0.033995,0.9968,-2.8796e-05,-3.1635e-05,0,3.3995e-05,73,3.9991,3.9973,0,0,0.99209,0.091215,0.06169,0.99801,2.6754e-05,3.2686e-05,0,6.169e-05,221,5.1458,5.1578,0,0,0.00017015,0.017477,2.9274,2.5994,0.0022844,0.0022613,0,0.0029274,85.592,1
296,22,0.066017,-0.0067917,0,0,0.99148,0.099112,1.3706,2.1776,1.1365e-05,6.2776e-06,0,0.0013706,147.5,10.008,10.009,0,0,0.99177,0.14256,9.6591,9.7108,0.0082812,0.008543,0,0.0096591,295,0.074654,0.019815,0,0,0.9915,0.091156,0.051211,0.99691,-2.7899e-06,8.0131e-07,0,5.1211e-05,147,-9.9071,-9.907,0,0,0.9912,0.090909,0.0020815,0.99593,-0.0089458,-0.0095338,0,2.0815e-06,0,-3.9206,-4.0229,0,0,0.99131,0.09103,0.03025,0.99626,-2.8456e-05,-3.0938e-05,0,3.025e-05,73,3.9991,3.9973,0,0,0.99163,0.091207,0.06269,0.99758,2.9871e-05,2.6743e-05,0,6.269e-05,221,5.1454,5.1575,0,0,0.00016301,0.018224,3.0233,2.6951,0.0023491,0.0023466,0,0.0030233,85.592,1
296,23,0.066008,-0.0067912,0,0,0.99103,0.099431,1.4068,2.2161,9.4408e-07,5.1991e-06,0,0.0014068,147.5,10.005,10.007,0,0,0.99133,0.14472,10.183,10.232,0.0084997,0.0087719,0,0.010183,295,0.074685,0.019809,0,0,0.99104,0.091157,0.050012,0.99643,-2.0117e-06,2.2602e-06,0,5.0012e-05,147,-9.9048,-9.9045,0,0,0.99069,0.090908,0.0010485,0.99512,-0.0084012,-0.0094544,0,1.0485e-06,0,-3.9206,-4.0229,0,0,0.99086,0.091031,0.028031,0.99576,-3.4474e-05,-1.8659e-05,0,2.8031e-05,73,3.999,3.9973,0,0,0.99118,0.091207,0.059515,0.99692,3.1837e-05,3.0609e-05,0,5.9515e-05,221,5.145,5.1571,0,0,0.00016719,0.018948,3.1132,2.7831,0.0023998,0.0024328,0,0.0031132,85.592,1
296,24,0.066023,-0.0067916,0,0,0.99056,0.099743,1.4579,2.2635,1.5568e-05,4.185e-06,0,0.0014579,147.5,10.003,10.004,0,0,0.99088,0.14679,10.967,11.012,0.010873,0.0088178,0,0.010967,295,0.074675,0.019798,0,0,0.99056,0.091161,0.053156,0.9961,4.9446e-06,-1.3731e-06,0,5.3156e-05,147,-9.9029,-9.9024,0,0,0.9902,0.090906,0.0025686,0.99465,-0.0089345,-0.0091138,0,2.5686e-06,0,-3.9205,-4.0228,0,0,0.99039,0.091035,0.029987,0.99537,-2.516e-05,-2.5692e-05,0,2.9987e-05,73,3.9991,3.9973,0,0,0.99072,0.091205,0.067358,0.99691,3.1552e-05,3.2821e-05,0,6.7358e-05,221,5.1446,5.1567,0,0,0.0001772,0.019657,3.2214,2.8921,0.0025046,0.0024973,0,0.0032214,85.592,1
296,25,0.066021,-0.0067879,0,0,0.99009,0.10004,1.4906,2.3019,1.2837e-05,7.0923e-06,0,0.0014906,147.5,10.001,10.002,0,0,0.99043,0.14871,10.464,10.511,0.010377,0.0092337,0,0.010464,295,0.074664,0.019805,0,0,0.99009,0.091161,0.046817,0.99532,-3.4055e-06,2.8709e-06,0,4.6817e-05,147,-9.9003,-9.9003,0,0,0.98943,0.090904,0.0032747,0.99422,-0.0089985,-0.0092072,0,3.2747e-06,0,-3.9205,-4.0228,0,0,0.98992,0.091033,0.025746,0.99479,-2.8025e-05,-3.4947e-05,0,2.5746e-05,73,3.999,3.9973,0,0,0.99028,0.091199,0.056998,0.99587,1.6486e-05,2.8618e-05,0,5.6998e-05,221,5.1443,5.1564,0,0,0.0002012,0.020339,3.312,2.9793,0.00258,0.0025577,0,0.003312,85.592,1
296,26,0.066017,-0.0067821,0,0,0.98965,0.10034,1.511,2.3205,7.6162e-06,1.0812e-05,0,0.001511,147.5,9.9987,10.001,0,0,0.98997,0.1506,9.847,9.8978,0.0096793,0.0094059,0,0.009847,295,0.074676,0.019816,0,0,0.98967,0.091167,0.048007,0.99494,-5.7359e-07,2.373e-06,0,4.8007e-05,147,-9.8974,-9.8979,0,0,0.98914,0.090906,0.0014644,0.99378,-0.009105,-0.0096068,0,1.4644e-06,0,-3.9205,-4.0228,0,0,0.98948,0.091039,0.029052,0.99443,-3.198e-05,-1.9702e-05,0,2.9052e-05,73,3.999,3.9973,0,0,0.98983,0.091211,0.056807,0.9954,2.8962e-05,2.9546e-05,0,5.6807e-05,221,5.1439,5.156,0,0,0.00018908,0.021016,3.357,3.025,0.0026121,0.0025955,0,0.003357,85.592,1
296,27,0.066017,-0.0067732,0,0,0.98918,0.10065,1.5584,2.3592,5.816e-06,1.9469e-05,0,0.0015584,147.5,9.9963,9.9998,0,0,0.9895,0.15259,11.844,11.887,0.0097136,0.011744,0,0.011845,295,0.07467,0.019809,0,0,0.98919,0.091168,0.053695,0.99472,-1.0247e-06,1.6471e-06,0,5.3695e-05,147,-9.8953,-9.8956,0,0,0.98864,0.090907,0.0016041,0.99367,-0.0093304,-0.010142,0,1.6041e-06,0,-3.9205,-4.0228,0,0,0.98902,0.091037,0.035232,0.99408,-2.3917e-05,-3.53e-05,0,3.5232e-05,73,3.999,3.9973,0,0,0.98935,0.091213,0.074965,0.99612,3.3638e-05,3.4372e-05,0,7.4965e-05,221,5.1435,5.1556,0,0,0.00018983,0.021703,3.4447,3.1162,0.0026683,0.0026801,0,0.0034447,85.592,1
296,28,0.06602,-0.0067803,0,0,0.98872,0.10095,1.5812,2.3876,7.6614e-06,1.1382e-05,0,0.0015812,147.5,9.9937,9.9946,0,0,0.98904,0.15455,10.807,10.853,0.0099038,0.010274,0,0.010807,295,0.074671,0.0198,0,0,0.98873,0.091173,0.048556,0.99407,-3.4039e-07,2.4074e-06,0,4.8556e-05,147,-9.8936,-9.8929,0,0,0.98822,0.09091,0.0013212,0.99274,-0.0095842,-0.0097059,0,1.3212e-06,0,-3.9205,-4.0228,0,0,0.98855,0.09104,0.026685,0.99342,-2.8655e-05,-3.1749e-05,0,2.6685e-05,73,3.999,3.9973,0,0,0.98889,0.091215,0.061831,0.99477,2.9513e-05,1.9789e-05,0,6.1831e-05,221,5.1432,5.1552,0,0,0.0001804,0.022393,3.508,3.1759,0.0027121,0.0027312,0,0.003508,85.592,1
296,29,0.066027,-0.0067779,0,0,0.98826,0.10126,1.6179,2.4198,1.3339e-05,1.2801e-05,0,0.0016179,147.5,9.9914,9.9907,0,0,0.98857,0.15642,11.51,11.553,0.010606,0.010274,0,0.01151,295,0.074675,0.019809,0,0,0.98827,0.091176,0.053936,0.99384,3.5508e-06,3.3386e-07,0,5.3936e-05,147,-9.8913,-9.8903,0,0,0.98789,0.090908,0.002226,0.99273,-0.009806,-0.01151,0,2.226e-06,0,-3.9205,-4.0228,0,0,0.98809,0.091043,0.034114,0.99318,-3.305e-05,-2.9154e-05,0,3.4114e-05,73,3.999,3.9972,0,0,0.98842,0.09122,0.067053,0.99466,3.4342e-05,3.4955e-05,0,6.7053e-05,221,5.1428,5.1549,0,0,0.00017345,0.023076,3.5835,3.2532,0.002772,0.0027899,0,0.0035835,85.592,1
296,30,0.066021,-0.0067962,0,0,0.98777,0.10153,1.6578,2.4607,6.4779e-06,-5.0826e-06,0,0.0016578,147.5,9.9892,9.9896,0,0,0.98811,0.15827,12.004,12.046,0.010027,0.010302,0,0.012004,295,0.074673,0.019806,0,0,0.98778,0.09117,0.052634,0.99334,6.5091e-07,1.465e-06,0,5.2634e-05,147,-9.8885,-9.8881,0,0,0.98719,0.090908,0.0016132,0.99229,-0.0098472,-0.010464,0,1.6132e-06,0,-3.9205,-4.0228,0,0,0.9876,0.091035,0.029454,0.99255,-2.5365e-05,-3.7087e-05,0,2.9454e-05,73,3.999,3.9972,0,0,0.98795,0.091208,0.06841,0.99422,3.1223e-05,2.6288e-05,0,6.841e-05,221,5.1424,5.1545,0,0,0.00019289,0.023719,3.6818,3.3508,0.0028639,0.002848,0,0.0036818,85.592,1
296,31,0.066017,-0.0067868,0,0,0.98731,0.10181,1.6798,2.4867,2.6763e-06,2.3676e-06,0,0.0016798,147.5,9.9869,9.9887,0,0,0.98764,0.16016,12.656,12.696,0.010619,0.012543,0,0.012656,295,0.074672,0.019806,0,0,0.98732,0.091177,0.045561,0.99249,2.7974e-08,7.2858e-06,0,4.5561e-05,147,-9.8857,-9.8864,0,0,0.98672,0.090906,0.00070875,0.99137,-0.010072,-0.010902,0,7.0875e-07,0,-3.9205,-4.0228,0,0,0.98714,0.091046,0.025428,0.99196,-1.9563e-05,-2.3208e-05,0,2.5428e-05,73,3.999,3.9972,0,0,0.98748,0.091216,0.061653,0.99331,2.0407e-05,2.9075e-05,0,6.1653e-05,221,5.142,5.1541,0,0,0.00020215,0.024351,3.7481,3.4152,0.0028974,0.0029128,0,0.0037481,85.592,1
296,32,0.066021,-0.0067802,0,0,0.98684,0.10212,1.7171,2.5133,5.437e-06,8.1151e-06,0,0.0017171,147.5,9.9844,9.9861,0,0,0.98715,0.16214,12.143,12.184,0.010616,0.012041,0,0.012143,295,0.074675,0.019809,0,0,0.98686,0.091184,0.053951,0.99248,-3.112e-06,-2.9516e-07,0,5.3951e-05,147,-9.8835,-9.8841,0,0,0.98635,0.090905,0.0023051,0.99102,-0.010254,-0.010825,0,2.3051e-06,0,-3.9204,-4.0227,0,0,0.98667,0.091042,0.035922,0.99184,-3.8842e-05,-3.0224e-05,0,3.5922e-05,73,3.9989,3.9972,0,0,0.98701,0.091236,0.08485,0.99463,4.0031e-05,3.3574e-05,0,8.485e-05,221,5.1416,5.1537,0,0,0.00018182,0.025022,3.7986,3.4696,0.0029383,0.0029587,0,0.0037986,85.592,1
296,33,0.066035,-0.0067821,0,0,0.98636,0.1024,1.7458,2.5449,1.8687e-05,5.9433e-06,0,0.0017458,147.5,9.9819,9.9825,0,0,0.98668,0.16391,13.343,13.38,0.010941,0.012215,0,0.013343,295,0.074672,0.019806,0,0,0.98637,0.09118,0.053565,0.99197,-2.7476e-08,-1.8165e-06,0,5.3565e-05,147,-9.8816,-9.8811,0,0,0.98589,0.090906,0.0024874,0.9907,-0.010523,-0.010854,0,2.4874e-06,0,-3.9204,-4.0227,0,0,0.9862,0.091042,0.029038,0.99115,-3.0471e-05,-3.4721e-05,0,2.9038e-05,73,3.9989,3.9972,0,0,0.98652,0.091223,0.076757,0.99347,3.2876e-05,2.4678e-05,0,7.6757e-05,221,5.1412,5.1533,0,0,0.00018342,0.02567,3.8805,3.5505,0.0030083,0.003011,0,0.0038805,85.592,1
296,34,0.066034,-0.0067824,0,0,0.9859,0.10268,1.7648,2.5659,1.6506e-05,5.0093e-06,0,0.0017648,147.5,9.9795,9.9797,0,0,0.9862,0.16555,12.902,12.94,0.011164,0.011327,0,0.012902,295,0.074673,0.019811,0,0,0.98592,0.091186,0.05117,0.9914,-8.7766e-06,-2.3664e-06,0,5.117e-05,147,-9.8792,-9.8783,0,0,0.98521,0.090907,0.0038726,0.99002,-0.010741,-0.011501,0,3.8726e-06,0,-3.9205,-4.0227,0,0,0.98575,0.09105,0.028351,0.99065,-3.1156e-05,-2.9303e-05,0,2.8351e-05,73,3.9989,3.9972,0,0,0.98606,0.091234,0.068125,0.99238,2.1533e-05,2.8804e-05,0,6.8125e-05,221,5.1409,5.1529,0,0,0.00018678,0.026306,3.9265,3.5948,0.0030417,0.003048,0,0.0039265,85.592,1
296,35,0.06603,-0.0067771,0,0,0.98541,0.10298,1.8121,2.6044,1.1388e-05,8.4512e-06,0,0.0018121,147.5,9.9773,9.9779,0,0,0.98571,0.16725,12.618,12.657,0.011278,0.012162,0,0.012618,295,0.074675,0.019809,0,0,0.98541,0.091187,0.060913,0.99144,4.0053e-06,2.5778e-06,0,6.0913e-05,147,-9.8766,-9.8762,0,0,0.98501,0.090909,0.005906,0.98959,-0.010779,-0.011098,0,5.906e-06,0,-3.9204,-4.0227,0,0,0.98524,0.091049,0.037951,0.99045,-3.6668e-05,-3.5094e-05,0,3.7951e-05,73,3.9989,3.9972,0,0,0.98555,0.091245,0.079554,0.99272,3.9386e-05,3.8523e-05,0,7.9554e-05,221,5.1405,5.1525,0,0,0.00017054,0.026966,4.0081,3.6795,0.003114,0.0031084,0,0.0040081,85.592,1
296,36,0.066028,-0.0067752,0,0,0.98491,0.10326,1.8414,2.6408,8.8668e-06,9.015e-06,0,0.0018414,147.5,9.9749,9.9762,0,0,0.98524,0.16919,13.011,13.05,0.011327,0.0123,0,0.013011,295,0.074673,0.019811,0,0,0.98492,0.091186,0.053012,0.99054,1.5388e-06,-2.3777e-06,0,5.3012e-05,147,-9.8739,-9.8743,0,0,0.98459,0.090906,0.0033597,0.98926,-0.012022,-0.011352,0,3.3597e-06,0,-3.9203,-4.0227,0,0,0.98474,0.091049,0.026543,0.98963,-2.5381e-05,-3.0703e-05,0,2.6543e-05,73,3.9989,3.9971,0,0,0.98508,0.091227,0.06757,0.99135,2.9735e-05,2.8201e-05,0,6.757e-05,221,5.1401,5.1522,0,0,0.00017886,0.027617,4.0963,3.7642,0.0031819,0.0031713,0,0.0040963,85.592,1
296,37,0.06602,-0.0067657,0,0,0.98444,0.10354,1.8641,2.6645,6.1372e-07,1.7156e-05,0,0.0018641,147.5,9.9724,9.9738,0,0,0.98476,0.17117,12.532,12.572,0.011521,0.011823,0,0.012532,295,0.074675,0.019815,0,0,0.98444,0.091188,0.051303,0.98996,-3.397e-06,6.58e-08,0,5.1303e-05,147,-9.8715,-9.8719,0,0,0.98405,0.090908,0.0041226,0.98882,-0.011583,-0.011568,0,4.1226e-06,0,-3.9204,-4.0227,0,0,0.98427,0.091051,0.029892,0.98925,-2.7825e-05,-2.7011e-05,0,2.9892e-05,73,3.9989,3.9971,0,0,0.98461,0.09124,0.062647,0.99054,2.6952e-05,3.0385e-05,0,6.2648e-05,221,5.1397,5.1518,0,0,0.00018156,0.028251,4.1523,3.8195,0.0032253,0.0032133,0,0.0041523,85.592,1
296,38,0.066043,-0.0067612,0,0,0.98393,0.10381,1.9251,2.7161,2.2916e-05,2.1639e-05,0,0.0019251,147.5,9.9699,9.9709,0,0,0.98428,0.17301,14.89,14.923,0.012826,0.012645,0,0.01489,295,0.074676,0.019813,0,0,0.98394,0.091184,0.058261,0.98981,2.1309e-06,1.8459e-07,0,5.8261e-05,147,-9.8692,-9.8691,0,0,0.98351,0.090903,0.0037595,0.98848,-0.011428,-0.011435,0,3.7595e-06,0,-3.9204,-4.0227,0,0,0.98375,0.091045,0.034573,0.98889,-3.3146e-05,-3.9283e-05,0,3.4573e-05,73,3.9989,3.9971,0,0,0.9841,0.091231,0.090191,0.99216,4.9756e-05,3.3886e-05,0,9.0191e-05,221,5.1393,5.1513,0,0,0.00020031,0.028875,4.2708,3.942,0.0033173,0.0033096,0,0.0042708,85.592,1
296,39,0.06603,-0.0067657,0,0,0.98345,0.10408,1.9336,2.7372,9.2405e-06,1.5578e-05,0,0.0019336,147.5,9.9674,9.968,0,0,0.98381,0.17466,14.183,14.218,0.012263,0.012101,0,0.014183,295,0.074671,0.019805,0,0,0.98342,0.091188,0.046404,0.98872,-8.8079e-06,-3.3378e-06,0,4.6403e-05,147,-9.8668,-9.8663,0,0,0.98288,0.090908,0.0021622,0.98756,-0.011694,-0.011968,0,2.1622e-06,0,-3.9205,-4.0227,0,0,0.98327,0.091051,0.023664,0.98814,-2.7279e-05,-2.8541e-05,0,2.3664e-05,73,3.9989,3.9971,0,0,0.98364,0.091233,0.058953,0.98934,1.466e-05,2.4088e-05,0,5.8953e-05,221,5.1389,5.151,0,0,0.00021015,0.029486,4.3254,3.9906,0.0033451,0.0033572,0,0.0043254,85.592,1
296,40,0.066036,-0.0067654,0,0,0.98297,0.10436,1.9629,2.7589,1.4313e-05,1.4832e-05,0,0.0019629,147.5,9.965,9.9656,0,0,0.98331,0.17628,13.094,13.131,0.012048,0.012268,0,0.013094,295,0.074678,0.019801,0,0,0.98299,0.091193,0.05505,0.98866,2.2619e-06,1.6917e-06,0,5.505e-05,147,-9.8644,-9.8638,0,0,0.98245,0.09091,0.0037791,0.98723,-0.011789,-0.012121,0,3.7791e-06,0,-3.9204,-4.0227,0,0,0.98279,0.091055,0.036611,0.988,-3.1072e-05,-2.6551e-05,0,3.6611e-05,73,3.9989,3.9971,0,0,0.98316,0.091247,0.062881,0.98915,3.8232e-05,3.1298e-05,0,6.2882e-05,221,5.1385,5.1506,0,0,0.00019949,0.030116,4.3668,4.0347,0.0033765,0.0033961,0,0.0043668,85.592,1
296,41,0.06603,-0.0067642,0,0,0.9825,0.10463,1.9812,2.7758,8.2151e-06,1.5021e-05,0,0.0019812,147.5,9.9626,9.9635,0,0,0.98282,0.17802,13.294,13.331,0.012031,0.012426,0,0.013294,295,0.074673,0.019799,0,0,0.98252,0.091189,0.055233,0.98819,-1.9382e-06,-1.732e-06,0,5.5233e-05,147,-9.8619,-9.8616,0,0,0.98214,0.090908,0.0041551,0.98702,-0.011919,-0.011959,0,4.1551e-06,0,-3.9203,-4.0226,0,0,0.98232,0.091048,0.032329,0.9874,-3.0271e-05,-3.5565e-05,0,3.2329e-05,73,3.9988,3.9971,0,0,0.98267,0.09123,0.068142,0.98901,3.475e-05,3.2839e-05,0,6.8142e-05,221,5.1381,5.1502,0,0,0.00018457,0.030745,4.4084,4.0769,0.0034131,0.0034239,0,0.0044084,85.592,1
296,42,0.066039,-0.0067613,0,0,0.98202,0.10491,1.9993,2.7971,1.5551e-05,1.654e-05,0,0.0019993,147.5,9.9602,9.9613,0,0,0.98234,0.17985,13.129,13.167,0.012255,0.012661,0,0.013129,295,0.074677,0.019811,0,0,0.98203,0.091191,0.050485,0.9875,-2.9696e-07,3.6479e-06,0,5.0485e-05,147,-9.8594,-9.8594,0,0,0.98168,0.090908,0.003777,0.98631,-0.012049,-0.012253,0,3.777e-06,0,-3.9204,-4.0226,0,0,0.98186,0.091052,0.028926,0.9868,-2.6087e-05,-2.6695e-05,0,2.8926e-05,73,3.9988,3.9971,0,0,0.98218,0.091234,0.060807,0.98805,2.6968e-05,2.8367e-05,0,6.0807e-05,221,5.1377,5.1498,0,0,0.00017774,0.031363,4.4604,4.1273,0.0034564,0.0034581,0,0.0044604,85.592,1
296,43,0.066041,-0.0067662,0,0,0.98153,0.10518,2.0405,2.8306,1.6409e-05,1.1207e-05,0,0.0020405,147.5,9.9578,9.9589,0,0,0.98184,0.18167,13.283,13.321,0.012453,0.012667,0,0.013283,295,0.074669,0.019815,0,0,0.98154,0.091195,0.060229,0.98753,-1.4507e-06,1.7431e-06,0,6.0229e-05,147,-9.8569,-9.857,0,0,0.98123,0.090908,0.0048502,0.98605,-0.012199,-0.012441,0,4.8502e-06,0,-3.9203,-4.0226,0,0,0.98135,0.091049,0.037649,0.98663,-3.8235e-05,-3.662e-05,0,3.7649e-05,73,3.9988,3.9971,0,0,0.98168,0.091235,0.076592,0.98863,4.0302e-05,3.6697e-05,0,7.6592e-05,221,5.1373,5.1494,0,0,0.00017651,0.03199,4.5296,4.1994,0.0035132,0.0035146,0,0.0045296,85.592,1
296,44,0.06603,-0.0067731,0,0,0.98104,0.10544,2.0573,2.8531,4.8862e-06,3.598e-06,0,0.0020573,147.5,9.9553,9.9562,0,0,0.98136,0.1834,13.901,13.937,0.012576,0.012936,0,0.013901,295,0.074678,0.019804,0,0,0.98105,0.091191,0.054285,0.98673,-7.7787e-07,2.6495e-07,0,5.4285e-05,147,-9.8545,-9.8545,0,0,0.98075,0.090906,0.0036009,0.98538,-0.012376,-0.012527,0,3.6009e-06,0,-3.9203,-4.0226,0,0,0.98087,0.091048,0.028115,0.98582,-3.4001e-05,-2.9561e-05,0,2.8115e-05,73,3.9988,3.9971,0,0,0.9812,0.091226,0.064053,0.98724,2.1883e-05,3.2276e-05,0,6.4053e-05,221,5.1369,5.149,0,0,0.00017729,0.032599,4.5867,4.2538,0.0035466,0.0035646,0,0.0045867,85.592,1
296,45,0.066037,-0.0067685,0,0,0.98055,0.10572,2.0911,2.8838,1.1327e-05,7.4947e-06,0,0.0020911,147.5,9.9528,9.9538,0,0,0.98087,0.18508,14.001,14.037,0.012727,0.01292,0,0.014001,295,0.074677,0.019809,0,0,0.98056,0.091197,0.057399,0.9864,1.1836e-06,5.4778e-06,0,5.7399e-05,147,-9.8521,-9.8518,0,0,0.9802,0.090905,0.0044741,0.98508,-0.012562,-0.012567,0,4.4741e-06,0,-3.9203,-4.0226,0,0,0.98038,0.091051,0.034198,0.9855,-2.8146e-05,-2.8037e-05,0,3.4198e-05,73,3.9988,3.997,0,0,0.98071,0.091232,0.066985,0.98689,3.6563e-05,3.6607e-05,0,6.6985e-05,221,5.1365,5.1486,0,0,0.0001786,0.033217,4.6554,4.3235,0.0036037,0.0036157,0,0.0046554,85.592,1
296,46,0.066036,-0.0067754,0,0,0.98005,0.10598,2.1313,2.9205,1.0142e-05,-5.7222e-07,0,0.0021313,147.5,9.9504,9.9488,0,0,0.98039,0.18675,15.279,15.311,0.012966,0.0131,0,0.015279,295,0.074673,0.01981,0,0,0.98005,0.091192,0.059967,0.986,-2.3611e-06,4.0207e-07,0,5.9967e-05,147,-9.8497,-9.8492,0,0,0.9797,0.090904,0.0038446,0.9846,-0.012742,-0.015279,0,3.8446e-06,0,-3.9203,-4.0226,0,0,0.97987,0.091049,0.032959,0.985,-3.4662e-05,-3.0704e-05,0,3.2959e-05,73,3.9988,3.997,0,0,0.98021,0.091228,0.075893,0.98704,3.2901e-05,3.8153e-05,0,7.5893e-05,221,5.1361,5.1482,0,0,0.00018474,0.033828,4.7391,4.4086,0.003659,0.0036917,0,0.0047391,85.592,1
296,47,0.066025,-0.0067713,0,0,0.97954,0.10624,2.1664,2.9627,-2.9167e-06,2.5059e-06,0,0.0021664,147.5,9.948,9.9468,0,0,0.97991,0.18845,15.309,15.342,0.013098,0.013288,0,0.015309,295,0.074681,0.019809,0,0,0.97952,0.091189,0.051804,0.98509,2.2537e-06,7.7935e-07,0,5.1804e-05,147,-9.8471,-9.8467,0,0,0.97904,0.090906,0.0016242,0.98388,-0.015182,-0.014959,0,1.6242e-06,0,-3.9203,-4.0226,0,0,0.97935,0.091049,0.026252,0.98431,-2.6292e-05,-2.2644e-05,0,2.6252e-05,73,3.9988,3.997,0,0,0.97973,0.091227,0.063187,0.98568,3.118e-05,3.4487e-05,0,6.3187e-05,221,5.1357,5.1478,0,0,0.00021443,0.03442,4.8433,4.5094,0.0037606,0.0037449,0,0.0048433,85.592,1
296,48,0.066038,-0.0067662,0,0,0.97905,0.10651,2.1922,2.9873,1.1226e-05,7.8299e-06,0,0.0021922,147.5,9.9453,9.9459,0,0,0.97942,0.19021,14.179,14.214,0.013259,0.013367,0,0.014179,295,0.074673,0.019792,0,0,0.97905,0.091197,0.051899,0.98461,1.4415e-07,1.04e-06,0,5.1899e-05,147,-9.8446,-9.8443,0,0,0.97841,0.090906,0.0022241,0.98311,-0.013782,-0.013636,0,2.2241e-06,0,-3.9203,-4.0226,0,0,0.97887,0.091051,0.029042,0.9839,-2.0413e-05,-3.0479e-05,0,2.9042e-05,73,3.9988,3.997,0,0,0.97926,0.091231,0.064291,0.98526,3.4187e-05,3.5033e-05,0,6.4291e-05,221,5.1353,5.1474,0,0,0.00022364,0.03501,4.8957,4.5619,0.0037952,0.003793,0,0.0048957,85.592,1
296,49,0.066017,-0.0067704,0,0,0.97859,0.10677,2.1942,2.9875,-1.0229e-05,2.8594e-06,0,0.0021942,147.5,9.9426,9.9446,0,0,0.97892,0.19194,14.089,14.124,0.013499,0.013576,0,0.014089,295,0.074676,0.019778,0,0,0.97862,0.091198,0.05383,0.9843,-1.945e-06,-1.1614e-06,0,5.383e-05,147,-9.842,-9.842,0,0,0.97812,0.090908,0.0024765,0.98273,-0.013644,-0.013775,0,2.4765e-06,0,-3.9203,-4.0225,0,0,0.9784,0.091051,0.032799,0.98353,-3.6721e-05,-2.8722e-05,0,3.2799e-05,73,3.9987,3.997,0,0,0.97878,0.091233,0.064098,0.98477,2.5958e-05,2.7374e-05,0,6.4098e-05,221,5.1349,5.147,0,0,0.00020654,0.035606,4.9012,4.5685,0.0037747,0.0038215,0,0.0049012,85.592,1
296,50,0.066044,-0.0067603,0,0,0.97819,0.10698,2.1516,2.9493,1.5279e-05,1.2497e-05,0,0.0021516,147.5,9.9404,9.9429,0,0,0.97846,0.19331,13.936,13.972,0.013105,0.013339,0,0.013936,295,0.074679,0.019789,0,0,0.97821,0.091188,0.037047,0.98312,1.2155e-06,4.6622e-06,0,3.7047e-05,147,-9.8401,-9.84,0,0,0.9779,0.090907,0.0042084,0.98236,-0.013539,-0.013685,0,4.2084e-06,0,-3.9202,-4.0225,0,0,0.97802,0.091048,0.026772,0.98286,-1.9918e-05,-2.1242e-05,0,2.6772e-05,73,3.9987,3.997,0,0,0.97833,0.091223,0.063794,0.98447,3.4841e-05,3.0331e-05,0,6.3794e-05,221,5.1346,5.1467,0,0,0.0001632,0.036092,4.8153,4.4808,0.0037114,0.0037494,0,0.0048153,85.592,1
296,51,0.066035,-0.0067654,0,0,0.97777,0.10708,2.1362,2.9274,6.3549e-06,6.8865e-06,0,0.0021362,147.5,9.9386,9.9405,0,0,0.97803,0.19406,14.234,14.268,0.013514,0.013083,0,0.014234,295,0.074674,0.019813,0,0,0.97779,0.091174,0.052536,0.98338,-4.6996e-06,-2.0752e-06,0,5.2536e-05,147,-9.8384,-9.8379,0,0,0.97751,0.090908,0.0014549,0.98224,-0.013149,-0.013304,0,1.4549e-06,0,-3.9203,-4.0225,0,0,0.97762,0.091039,0.032456,0.98268,-3.2585e-05,-3.4733e-05,0,3.2456e-05,73,3.9987,3.997,0,0,0.9779,0.09121,0.064548,0.9841,2.407e-05,3.0884e-05,0,6.4548e-05,221,5.1343,5.1464,0,0,0.00014928,0.036362,4.762,4.4304,0.003687,0.0036961,0,0.004762,85.592,1
296,52,0.06604,-0.006768,0,0,0.97735,0.10712,2.1161,2.9136,1.0106e-05,3.0644e-06,0,0.0021161,147.5,9.9368,9.9378,0,0,0.97763,0.19434,15.279,15.312,0.014083,0.012892,0,0.015279,295,0.074674,0.019837,0,0,0.97733,0.091161,0.045334,0.98262,1.9484e-06,3.1585e-06,0,4.5334e-05,147,-9.8365,-9.8358,0,0,0.97702,0.090908,0.0020761,0.98184,-0.013418,-0.015156,0,2.0761e-06,0,-3.9202,-4.0225,0,0,0.97721,0.091034,0.024713,0.98203,-2.354e-05,-2.433e-05,0,2.4713e-05,73,3.9987,3.997,0,0,0.97749,0.091198,0.056204,0.98311,2.5295e-05,2.9817e-05,0,5.6204e-05,221,5.1339,5.146,0,0,0.00015632,0.036466,4.7378,4.4038,0.00366,0.0036803,0,0.0047378,85.592,1
296,53,0.06604,-0.0067683,0,0,0.97693,0.10711,2.104,2.9013,1.0505e-05,2.4054e-06,0,0.002104,147.5,9.935,9.9351,0,0,0.97723,0.1943,15.202,15.234,0.013883,0.012808,0,0.015202,295,0.07469,0.019832,0,0,0.97691,0.091156,0.045003,0.98219,2.0442e-06,3.2609e-06,0,4.5003e-05,147,-9.8343,-9.8336,0,0,0.97638,0.090909,0.0033784,0.98101,-0.012906,-0.013905,0,3.3784e-06,0,-3.9202,-4.0225,0,0,0.9768,0.091031,0.024681,0.98164,-2.6282e-05,-1.7708e-05,0,2.4681e-05,73,3.9987,3.997,0,0,0.97708,0.091191,0.058756,0.98297,3.04e-05,2.9178e-05,0,5.8756e-05,221,5.1336,5.1457,0,0,0.00017471,0.036448,4.71,4.3762,0.0036412,0.0036562,0,0.00471,85.592,1
296,54,0.066046,-0.0067713,0,0,0.97654,0.10706,2.0765,2.8732,1.5734e-05,-9.2538e-07,0,0.0020765,147.5,9.933,9.9326,0,0,0.97682,0.19403,13.651,13.688,0.013151,0.012775,0,0.013651,295,0.07468,0.019809,0,0,0.97654,0.091152,0.046711,0.9819,7.5641e-07,-2.7622e-06,0,4.6711e-05,147,-9.8319,-9.8315,0,0,0.97601,0.090906,0.0026508,0.98061,-0.01306,-0.013432,0,2.6508e-06,0,-3.9202,-4.0225,0,0,0.9764,0.091026,0.027156,0.98129,-2.4103e-05,-2.5333e-05,0,2.7156e-05,73,3.9987,3.9969,0,0,0.97669,0.091184,0.057076,0.98236,2.1492e-05,3.0155e-05,0,5.7076e-05,221,5.1333,5.1454,0,0,0.00016743,0.036348,4.6446,4.3111,0.0035896,0.0036074,0,0.0046446,85.592,1
296,55,0.066041,-0.0067614,0,0,0.97612,0.10699,2.0675,2.8634,9.9208e-06,8.7471e-06,0,0.0020675,147.5,9.9309,9.9305,0,0,0.97641,0.19362,15.13,15.163,0.012799,0.012689,0,0.01513,295,0.074679,0.019801,0,0,0.97614,0.09115,0.047164,0.98146,1.8666e-06,3.0468e-06,0,4.7164e-05,147,-9.8294,-9.8294,0,0,0.97574,0.090906,0.0017996,0.98058,-0.013991,-0.013369,0,1.7996e-06,0,-3.9202,-4.0225,0,0,0.97598,0.091023,0.026419,0.98087,-2.6498e-05,-2.4193e-05,0,2.6419e-05,73,3.9987,3.9969,0,0,0.97628,0.091182,0.055372,0.98187,2.8131e-05,3.2565e-05,0,5.5372e-05,221,5.1329,5.145,0,0,0.00016729,0.036198,4.6254,4.2925,0.0035892,0.0035778,0,0.0046254,85.592,1
296,56,0.066043,-0.006751,0,0,0.97573,0.10691,2.0392,2.837,1.1966e-05,1.8482e-05,0,0.0020392,147.5,9.9285,9.9288,0,0,0.97601,0.19311,13.503,13.539,0.013041,0.012555,0,0.013503,295,0.074675,0.019791,0,0,0.97574,0.091148,0.044192,0.98095,-1.9372e-06,-4.4428e-06,0,4.4192e-05,147,-9.8272,-9.8274,0,0,0.97536,0.090906,0.0037834,0.97989,-0.012385,-0.012942,0,3.7834e-06,0,-3.9202,-4.0225,0,0,0.97558,0.091024,0.024554,0.98043,-2.2502e-05,-2.319e-05,0,2.4554e-05,73,3.9987,3.9969,0,0,0.97587,0.091178,0.054057,0.98138,2.7829e-05,3.068e-05,0,5.4057e-05,221,5.1326,5.1447,0,0,0.00015995,0.036004,4.5667,4.2331,0.0035538,0.003521,0,0.0045667,85.592,1
296,57,0.066042,-0.0067547,0,0,0.97533,0.10682,2.0277,2.822,1.1462e-05,1.4749e-05,0,0.0020277,147.5,9.9262,9.9273,0,0,0.97559,0.19252,13.335,13.372,0.012876,0.012431,0,0.013335,295,0.07468,0.019793,0,0,0.97534,0.091149,0.046926,0.98068,1.5868e-06,1.5035e-07,0,4.6926e-05,147,-9.8252,-9.8254,0,0,0.975,0.090903,0.0040878,0.97982,-0.012491,-0.012328,0,4.0878e-06,0,-3.9202,-4.0225,0,0,0.97517,0.091023,0.030071,0.98013,-2.5262e-05,-3.1329e-05,0,3.0071e-05,73,3.9987,3.9969,0,0,0.97547,0.091183,0.05603,0.98105,2.2416e-05,2.8018e-05,0,5.603e-05,221,5.1323,5.1444,0,0,0.00015461,0.035795,4.5289,4.1968,0.0035224,0.0034971,0,0.0045289,85.592,1
296,58,0.066045,-0.0067533,0,0,0.97492,0.10671,2.0145,2.8086,1.374e-05,1.5455e-05,0,0.0020145,147.5,9.9241,9.9259,0,0,0.97519,0.19188,13.873,13.908,0.012466,0.012355,0,0.013873,295,0.074687,0.019805,0,0,0.97494,0.091144,0.04784,0.9803,1.3692e-06,3.3848e-06,0,4.784e-05,147,-9.8234,-9.8234,0,0,0.97467,0.090904,0.0028517,0.97942,-0.012466,-0.012282,0,2.8517e-06,0,-3.9202,-4.0225,0,0,0.97477,0.091021,0.027224,0.97967,-2.5667e-05,-2.5262e-05,0,2.7224e-05,73,3.9986,3.9969,0,0,0.97506,0.091174,0.057262,0.98077,2.8614e-05,3.0543e-05,0,5.7262e-05,221,5.1319,5.144,0,0,0.00015139,0.035566,4.4988,4.1668,0.003495,0.0034779,0,0.0044988,85.592,1
296,59,0.066028,-0.006742,0,0,0.97455,0.10658,1.9725,2.7714,-2.3646e-06,2.5254e-05,0,0.0019725,147.5,9.9222,9.9242,0,0,0.9748,0.19078,13.488,13.525,0.012432,0.012268,0,0.013488,295,0.074671,0.019817,0,0,0.97456,0.091142,0.042656,0.97967,-6.0733e-06,1.8527e-06,0,4.2656e-05,147,-9.8216,-9.8214,0,0,0.97428,0.090903,0.00068215,0.97883,-0.012248,-0.012974,0,6.8215e-07,0,-3.9202,-4.0225,0,0,0.97442,0.091022,0.023165,0.97921,-2.5698e-05,-1.7762e-05,0,2.3165e-05,73,3.9986,3.9969,0,0,0.97467,0.091173,0.051758,0.98004,1.8652e-05,2.9674e-05,0,5.1758e-05,221,5.1316,5.1438,0,0,0.000151,0.035271,4.4233,4.09,0.0034449,0.0034061,0,0.0044233,85.592,1
296,60,0.066035,-0.0067525,0,0,0.97413,0.10647,1.9848,2.7719,3.9593e-06,1.4855e-05,0,0.0019848,147.5,9.9204,9.9221,0,0,0.97438,0.19015,14.038,14.073,0.012594,0.012449,0,0.014038,295,0.074694,0.019821,0,0,0.97414,0.091149,0.051053,0.97968,6.7994e-06,-1.5917e-06,0,5.1053e-05,147,-9.8198,-9.8195,0,0,0.97371,0.090901,0.0031008,0.97861,-0.011951,-0.013559,0,3.1008e-06,0,-3.9202,-4.0224,0,0,0.974,0.091021,0.033033,0.97903,-2.5884e-05,-3.5091e-05,0,3.3033e-05,73,3.9986,3.9969,0,0,0.97427,0.091187,0.079619,0.98165,3.3552e-05,3.2356e-05,0,7.9619e-05,221,5.1313,5.1434,0,0,0.00015413,0.035014,4.4189,4.0908,0.0034218,0.0034307,0,0.0044189,85.592,1
296,61,0.066033,-0.0067458,0,0,0.97371,0.10636,1.9798,2.7695,2.158e-06,2.1432e-05,0,0.0019798,147.5,9.9185,9.9193,0,0,0.97398,0.18911,14.458,14.492,0.012449,0.013603,0,0.014458,295,0.07469,0.019826,0,0,0.97373,0.091147,0.049018,0.97914,1.6904e-07,2.5266e-06,0,4.9018e-05,147,-9.8177,-9.8174,0,0,0.97326,0.090902,0.00076441,0.97788,-0.011924,-0.012565,0,7.6441e-07,0,-3.9201,-4.0224,0,0,0.97356,0.091022,0.024661,0.97841,-3.7189e-05,-2.1556e-05,0,2.4661e-05,73,3.9986,3.9968,0,0,0.97385,0.091183,0.080791,0.98112,4.0146e-05,2.6749e-05,0,8.0791e-05,221,5.131,5.1431,0,0,0.00015716,0.034749,4.4133,4.0838,0.0034115,0.0034309,0,0.0044133,85.592,1
296,62,0.066036,-0.0067493,0,0,0.97331,0.10624,1.9612,2.7581,4.1558e-06,1.7816e-05,0,0.0019612,147.5,9.9165,9.9166,0,0,0.97358,0.18801,14.015,14.05,0.012065,0.013545,0,0.014015,295,0.074671,0.019812,0,0,0.97332,0.091152,0.043004,0.97846,1.0972e-06,-9.6131e-07,0,4.3004e-05,147,-9.8155,-9.8153,0,0,0.97292,0.090902,0.0034638,0.97744,-0.01211,-0.012374,0,3.4638e-06,0,-3.9201,-4.0224,0,0,0.97316,0.091025,0.023737,0.97798,-2.201e-05,-2.4908e-05,0,2.3737e-05,73,3.9986,3.9969,0,0,0.97345,0.091198,0.053355,0.97895,2.5428e-05,1.9623e-05,0,5.3355e-05,221,5.1306,5.1427,0,0,0.00015657,0.034478,4.3911,4.0585,0.0033922,0.0034108,0,0.0043911,85.592,1
296,63,0.06604,-0.006757,0,0,0.97292,0.10611,1.9432,2.7335,7.1208e-06,9.4714e-06,0,0.0019432,147.5,9.9144,9.9143,0,0,0.97318,0.18732,13.09,13.128,0.012001,0.01265,0,0.01309,295,0.074685,0.019804,0,0,0.97293,0.09115,0.049342,0.97838,2.0881e-06,1.5113e-06,0,4.9342e-05,147,-9.8133,-9.8131,0,0,0.97248,0.0909,0.0038121,0.97742,-0.011675,-0.012582,0,3.8121e-06,0,-3.9201,-4.0224,0,0,0.97283,0.091022,0.030349,0.97775,-2.4751e-05,-3.0435e-05,0,3.0349e-05,73,3.9986,3.9968,0,0,0.97305,0.091184,0.06509,0.97923,3.4632e-05,2.7476e-05,0,6.509e-05,221,5.1303,5.1424,0,0,0.00014331,0.034197,4.3327,4.0032,0.0033393,0.0033777,0,0.0043326,85.592,1
296,64,0.066045,-0.0067485,0,0,0.97251,0.10598,1.9477,2.7348,1.1596e-05,1.7743e-05,0,0.0019477,147.5,9.9124,9.9126,0,0,0.97278,0.18648,13.333,13.37,0.012878,0.012083,0,0.013333,295,0.074674,0.019802,0,0,0.9725,0.091142,0.047989,0.97791,-3.5927e-06,3.2495e-06,0,4.7989e-05,147,-9.8113,-9.8111,0,0,0.97216,0.090899,0.0031647,0.97698,-0.012424,-0.012184,0,3.1647e-06,0,-3.9201,-4.0224,0,0,0.97239,0.09102,0.026788,0.97726,-2.8257e-05,-2.4855e-05,0,2.6788e-05,73,3.9986,3.9969,0,0,0.97262,0.09118,0.082792,0.98026,3.649e-05,2.8157e-05,0,8.2792e-05,221,5.13,5.1421,0,0,0.00014374,0.033912,4.3328,4.0045,0.0033572,0.0033628,0,0.0043328,85.592,1
296,65,0.066046,-0.0067537,0,0,0.9721,0.10586,1.9296,2.7255,1.2907e-05,1.2212e-05,0,0.0019296,147.5,9.9103,9.9111,0,0,0.97239,0.18591,14.086,14.121,0.013604,0.012273,0,0.014086,295,0.074677,0.019807,0,0,0.97209,0.091147,0.042392,0.97726,-2.1107e-06,-4.0445e-06,0,4.2392e-05,147,-9.8094,-9.8091,0,0,0.97184,0.090902,0.002956,0.97641,-0.013481,-0.011518,0,2.956e-06,0,-3.9201,-4.0224,0,0,0.97196,0.091023,0.02342,0.97677,-1.6245e-05,-2.7546e-05,0,2.3421e-05,73,3.9986,3.9968,0,0,0.97223,0.091181,0.05496,0.9778,1.9274e-05,2.5467e-05,0,5.496e-05,221,5.1296,5.1418,0,0,0.00015159,0.033622,4.3212,3.9894,0.0033532,0.0033413,0,0.0043212,85.592,1
296,66,0.066048,-0.0067511,0,0,0.9717,0.10573,1.9203,2.7126,1.4573e-05,1.3951e-05,0,0.0019203,147.5,9.9082,9.9095,0,0,0.97199,0.18549,13.251,13.287,0.012796,0.012105,0,0.013251,295,0.074682,0.019833,0,0,0.9717,0.091146,0.046265,0.97703,-2.857e-07,-6.547e-07,0,4.6265e-05,147,-9.8074,-9.8071,0,0,0.97138,0.090901,0.0036959,0.97623,-0.012733,-0.011844,0,3.6959e-06,0,-3.9201,-4.0224,0,0,0.97155,0.091022,0.027196,0.97646,-2.6729e-05,-2.5572e-05,0,2.7196e-05,73,3.9986,3.9968,0,0,0.97185,0.091182,0.059351,0.97766,2.7207e-05,3.0423e-05,0,5.9351e-05,221,5.1293,5.1414,0,0,0.00015728,0.033331,4.2878,3.9575,0.0033294,0.0033166,0,0.0042878,85.592,1
296,67,0.066048,-0.0067525,0,0,0.9713,0.10559,1.9062,2.7006,1.2606e-05,1.169e-05,0,0.0019062,147.5,9.9061,9.9075,0,0,0.97159,0.18487,12.233,12.273,0.011842,0.01166,0,0.012233,295,0.074676,0.019838,0,0,0.97131,0.091137,0.043361,0.97651,-2.7095e-06,2.2482e-06,0,4.3361e-05,147,-9.8054,-9.8051,0,0,0.97072,0.0909,0.0026999,0.97558,-0.011516,-0.011924,0,2.6999e-06,0,-3.9201,-4.0224,0,0,0.97115,0.091019,0.023511,0.97599,-1.9607e-05,-2.2574e-05,0,2.3511e-05,73,3.9986,3.9968,0,0,0.97145,0.091172,0.055554,0.97706,2.4038e-05,2.8312e-05,0,5.5554e-05,221,5.129,5.1411,0,0,0.00017198,0.033025,4.2597,3.9283,0.0033081,0.0032936,0,0.0042597,85.592,1
296,68,0.06605,-0.006753,0,0,0.97091,0.10546,1.8852,2.6804,1.505e-05,1.0774e-05,0,0.0018852,147.5,9.9042,9.9052,0,0,0.97119,0.18403,12.398,12.437,0.012144,0.011766,0,0.012398,295,0.074678,0.019826,0,0,0.97093,0.091144,0.042119,0.97604,-9.2238e-07,-2.8626e-06,0,4.2119e-05,147,-9.8033,-9.8031,0,0,0.97054,0.0909,0.003444,0.97511,-0.01181,-0.011618,0,3.444e-06,0,-3.9201,-4.0224,0,0,0.97076,0.091021,0.024825,0.97563,-2.1098e-05,-2.4808e-05,0,2.4825e-05,73,3.9985,3.9968,0,0,0.97106,0.091173,0.052047,0.97648,2.1106e-05,2.6528e-05,0,5.2047e-05,221,5.1287,5.1408,0,0,0.00016285,0.032731,4.2168,3.8854,0.0032697,0.0032644,0,0.0042168,85.592,1
296,69,0.066049,-0.0067488,0,0,0.97053,0.10533,1.8713,2.6618,1.4017e-05,1.3469e-05,0,0.0018713,147.5,9.9023,9.9028,0,0,0.9708,0.18304,13.723,13.758,0.011948,0.011875,0,0.013723,295,0.074676,0.019812,0,0,0.97054,0.091141,0.047868,0.97595,-1.4333e-06,2.56e-06,0,4.7868e-05,147,-9.8013,-9.8011,0,0,0.97028,0.0909,0.0027012,0.97505,-0.011621,-0.011887,0,2.7012e-06,0,-3.9201,-4.0224,0,0,0.97037,0.091019,0.028675,0.97535,-3.2082e-05,-2.5453e-05,0,2.8675e-05,73,3.9985,3.9968,0,0,0.97067,0.091173,0.056177,0.97631,3.003e-05,2.7146e-05,0,5.6177e-05,221,5.1284,5.1405,0,0,0.00015658,0.03242,4.178,3.8493,0.0032394,0.0032365,0,0.004178,85.592,1
296,70,0.066054,-0.0067493,0,0,0.97014,0.10519,1.8496,2.6445,1.7879e-05,1.2918e-05,0,0.0018496,147.5,9.9002,9.9007,0,0,0.97041,0.18206,12.239,12.278,0.011385,0.0116,0,0.012239,295,0.074682,0.01979,0,0,0.97015,0.091141,0.041986,0.9753,1.741e-07,8.8767e-07,0,4.1986e-05,147,-9.7992,-9.7991,0,0,0.96962,0.0909,0.0015295,0.97434,-0.011179,-0.011506,0,1.5295e-06,0,-3.9201,-4.0223,0,0,0.96999,0.091019,0.023626,0.97481,-1.6498e-05,-2.4182e-05,0,2.3626e-05,73,3.9985,3.9968,0,0,0.97028,0.091172,0.052394,0.97575,2.1673e-05,2.7429e-05,0,5.2394e-05,221,5.1281,5.1402,0,0,0.00016107,0.03211,4.1351,3.8041,0.0032009,0.0032071,0,0.0041351,85.592,1
296,71,0.066043,-0.006751,0,0,0.96976,0.10506,1.8284,2.6197,7.6457e-06,1.0516e-05,0,0.0018284,147.5,9.8981,9.8989,0,0,0.97001,0.18119,11.915,11.956,0.01151,0.011317,0,0.011915,295,0.074683,0.019799,0,0,0.96977,0.091145,0.045201,0.97505,-9.8775e-07,-1.0755e-06,0,4.5201e-05,147,-9.8001,-9.7971,0,0,0.96948,0.090899,0.0019357,0.97409,-0.011298,-0.011211,0,1.9357e-06,0,-3.92,-4.0223,0,0,0.96961,0.091021,0.028284,0.97455,-3.0331e-05,-2.9182e-05,0,2.8284e-05,73,3.9985,3.9968,0,0,0.96989,0.091176,0.054344,0.9755,2.5038e-05,2.6813e-05,0,5.4344e-05,221,5.1278,5.1398,0,0,0.00014706,0.031802,4.0809,3.752,0.0031432,0.0031825,0,0.0040809,85.592,1
296,72,0.066052,-0.0067445,0,0,0.96937,0.10492,1.8143,2.6037,1.4428e-05,1.6102e-05,0,0.0018143,147.5,9.8963,9.8972,0,0,0.96961,0.18043,12.747,12.785,0.011598,0.011386,0,0.012747,295,0.074678,0.019827,0,0,0.96938,0.09114,0.047314,0.97473,-2.661e-07,2.0336e-06,0,4.7314e-05,147,-9.7972,-9.7952,0,0,0.96896,0.090899,0.0026413,0.97384,-0.011384,-0.011777,0,2.6413e-06,0,-3.92,-4.0223,0,0,0.96923,0.091018,0.027956,0.97417,-2.5913e-05,-1.8183e-05,0,2.7956e-05,73,3.9985,3.9968,0,0,0.9695,0.091182,0.064663,0.97577,3.4199e-05,2.6625e-05,0,6.4663e-05,221,5.1274,5.1395,0,0,0.00014653,0.031494,4.0456,3.7178,0.0031189,0.0031531,0,0.0040456,85.592,1
296,73,0.066062,-0.0067459,0,0,0.96899,0.10478,1.7913,2.5837,2.5092e-05,1.4612e-05,0,0.0017913,147.5,9.8944,9.8953,0,0,0.96923,0.1797,12.137,12.177,0.011051,0.011242,0,0.012137,295,0.074676,0.019844,0,0,0.969,0.091141,0.043243,0.97422,-3.0319e-06,2.3703e-06,0,4.3243e-05,147,-9.7933,-9.7932,0,0,0.96835,0.090901,0.002293,0.97312,-0.010797,-0.011201,0,2.293e-06,0,-3.92,-4.0223,0,0,0.96886,0.09102,0.025483,0.97369,-2.0455e-05,-2.9031e-05,0,2.5483e-05,73,3.9985,3.9968,0,0,0.96912,0.091178,0.054581,0.97468,1.6093e-05,3.0547e-05,0,5.4581e-05,221,5.1271,5.1392,0,0,0.00015521,0.031174,4.0032,3.6744,0.0030784,0.0031253,0,0.0040032,85.592,1
296,74,0.066052,-0.0067418,0,0,0.96858,0.10465,1.7947,2.5814,1.4162e-05,1.8262e-05,0,0.0017947,147.5,9.8926,9.8933,0,0,0.96883,0.17897,13.183,13.22,0.01213,0.011422,0,0.013183,295,0.074685,0.019827,0,0,0.9686,0.091142,0.045723,0.97389,-8.6914e-07,-2.3494e-06,0,4.5724e-05,147,-9.7902,-9.7912,0,0,0.96794,0.090902,0.0031101,0.97285,-0.011333,-0.011005,0,3.1101e-06,0,-3.92,-4.0223,0,0,0.96845,0.091019,0.028856,0.97341,-3.8605e-05,-2.5255e-05,0,2.8856e-05,73,3.9985,3.9968,0,0,0.96871,0.091194,0.07858,0.97597,2.5138e-05,2.3644e-05,0,7.858e-05,221,5.1268,5.1389,0,0,0.00016105,0.030869,3.9943,3.668,0.0030769,0.0031175,0,0.0039943,85.592,1
296,75,0.066053,-0.0067468,0,0,0.96819,0.10452,1.7806,2.5691,1.4862e-05,1.2835e-05,0,0.0017806,147.5,9.891,9.8911,0,0,0.96845,0.17805,11.876,11.916,0.011875,0.011107,0,0.011876,295,0.074681,0.019783,0,0,0.9682,0.091142,0.0463,0.97359,-2.7287e-06,-4.953e-07,0,4.63e-05,147,-9.7884,-9.7891,0,0,0.96767,0.090904,0.0015435,0.97249,-0.011102,-0.010807,0,1.5435e-06,0,-3.9201,-4.0223,0,0,0.96806,0.091019,0.024657,0.97292,-2.0761e-05,-2.6924e-05,0,2.4657e-05,73,3.9985,3.9967,0,0,0.96831,0.091189,0.064589,0.97455,3.0303e-05,2.2078e-05,0,6.4589e-05,221,5.1265,5.1386,0,0,0.00014799,0.030571,3.9657,3.6384,0.0030681,0.0030814,0,0.0039657,85.592,1
296,76,0.066051,-0.006744,0,0,0.96781,0.10439,1.7608,2.5514,1.2173e-05,1.5034e-05,0,0.0017608,147.5,9.889,9.8891,0,0,0.96806,0.17703,12.208,12.247,0.010937,0.011091,0,0.012208,295,0.074677,0.019767,0,0,0.96782,0.091144,0.045732,0.97313,-1.7308e-06,3.4957e-06,0,4.5732e-05,147,-9.7874,-9.7872,0,0,0.9675,0.090903,0.0035565,0.97197,-0.012106,-0.010757,0,3.5565e-06,0,-3.92,-4.0223,0,0,0.96767,0.091019,0.025969,0.97257,-2.3267e-05,-3.0449e-05,0,2.5969e-05,73,3.9985,3.9967,0,0,0.96793,0.091185,0.058858,0.97381,2.3239e-05,3.0149e-05,0,5.8858e-05,221,5.1261,5.1383,0,0,0.00014229,0.030266,3.9267,3.5986,0.0030446,0.003043,0,0.0039267,85.592,1
296,77,0.066044,-0.0067536,0,0,0.96741,0.10425,1.7588,2.5453,4.1837e-06,4.6616e-06,0,0.0017588,147.5,9.8865,9.8872,0,0,0.96767,0.17605,12.374,12.413,0.010967,0.010768,0,0.012374,295,0.074685,0.019797,0,0,0.9674,0.091137,0.047557,0.97283,1.0392e-06,-7.9721e-07,0,4.7558e-05,147,-9.7861,-9.7853,0,0,0.96712,0.090901,0.0011927,0.97193,-0.011482,-0.010632,0,1.1928e-06,0,-3.92,-4.0223,0,0,0.96728,0.091017,0.027887,0.97221,-3.1291e-05,-3.0068e-05,0,2.7887e-05,73,3.9984,3.9967,0,0,0.96753,0.091179,0.065596,0.97381,2.8236e-05,2.3736e-05,0,6.5596e-05,221,5.1258,5.1379,0,0,0.00014234,0.02996,3.9113,3.585,0.0030379,0.0030288,0,0.0039113,85.592,1
296,78,0.066038,-0.006752,0,0,0.96703,0.1041,1.7312,2.5245,-9.7976e-07,5.53e-06,0,0.0017312,147.5,9.8841,9.8853,0,0,0.96729,0.17519,12.004,12.044,0.010901,0.010676,0,0.012004,295,0.074682,0.019811,0,0,0.96703,0.091137,0.042869,0.97227,2.5987e-06,4.3388e-06,0,4.2869e-05,147,-9.784,-9.7834,0,0,0.96674,0.090903,0.0020386,0.97133,-0.010874,-0.010454,0,2.0386e-06,0,-3.92,-4.0223,0,0,0.96689,0.091017,0.022909,0.97172,-1.6113e-05,-2.3836e-05,0,2.2909e-05,73,3.9985,3.9967,0,0,0.96717,0.091175,0.052443,0.97262,2.2108e-05,2.9987e-05,0,5.2443e-05,221,5.1255,5.1376,0,0,0.00014714,0.029634,3.8701,3.5412,0.0029895,0.0030079,0,0.0038701,85.592,1
296,79,0.066044,-0.0067514,0,0,0.96665,0.10397,1.7233,2.5118,2.9363e-06,5.5827e-06,0,0.0017233,147.5,9.8821,9.8834,0,0,0.9669,0.17439,11.359,11.401,0.010596,0.010614,0,0.011359,295,0.074678,0.01983,0,0,0.96666,0.091143,0.04638,0.97198,-1.117e-06,2.5269e-06,0,4.638e-05,147,-9.7815,-9.7814,0,0,0.96627,0.090903,0.0039664,0.97108,-0.010835,-0.010455,0,3.9664e-06,0,-3.9199,-4.0223,0,0,0.9665,0.091017,0.028042,0.97144,-2.5218e-05,-2.1837e-05,0,2.8042e-05,73,3.9984,3.9967,0,0,0.96678,0.091179,0.058718,0.97259,3.0476e-05,2.781e-05,0,5.8718e-05,221,5.1252,5.1373,0,0,0.00014813,0.029323,3.8365,3.5096,0.0029669,0.0029826,0,0.0038365,85.592,1
296,80,0.066049,-0.0067494,0,0,0.96626,0.10382,1.7097,2.4982,8.2734e-06,6.7204e-06,0,0.0017097,147.5,9.8806,9.8815,0,0,0.96652,0.17356,11.171,11.214,0.010532,0.010432,0,0.011171,295,0.074683,0.019824,0,0,0.96628,0.091133,0.046402,0.97162,-5.3362e-07,2.1146e-06,0,4.6402e-05,147,-9.7795,-9.7795,0,0,0.96598,0.090902,0.0033989,0.97079,-0.010453,-0.010351,0,3.3989e-06,0,-3.92,-4.0223,0,0,0.96612,0.091016,0.025792,0.97101,-2.517e-05,-2.4665e-05,0,2.5792e-05,73,3.9984,3.9967,0,0,0.9664,0.091168,0.056702,0.97209,2.7026e-05,2.6945e-05,0,5.6702e-05,221,5.1249,5.137,0,0,0.0001461,0.02901,3.8049,3.478,0.0029461,0.0029548,0,0.0038049,85.592,1
296,81,0.066058,-0.0067493,0,0,0.96589,0.10368,1.6846,2.4783,1.5657e-05,6.7612e-06,0,0.0016846,147.5,9.879,9.8795,0,0,0.96615,0.17265,11.725,11.766,0.011627,0.010336,0,0.011725,295,0.074681,0.019794,0,0,0.9659,0.091133,0.038468,0.97088,1.1754e-07,-1.2114e-06,0,3.8468e-05,147,-9.7779,-9.7775,0,0,0.96544,0.0909,0.0032274,0.97017,-0.010327,-0.010177,0,3.2274e-06,0,-3.92,-4.0223,0,0,0.96575,0.091015,0.021922,0.97055,-1.4732e-05,-2.2875e-05,0,2.1922e-05,73,3.9984,3.9967,0,0,0.96602,0.091169,0.050872,0.97142,2.2042e-05,2.7308e-05,0,5.0872e-05,221,5.1246,5.1367,0,0,0.00015045,0.028676,3.7646,3.4358,0.0029139,0.0029205,0,0.0037646,85.592,1
296,82,0.066046,-0.0067606,0,0,0.96551,0.10353,1.6811,2.467,2.6823e-06,-4.7028e-06,0,0.0016811,147.5,9.8772,9.8775,0,0,0.96577,0.17171,13.063,13.1,0.011157,0.010285,0,0.013063,295,0.074683,0.019789,0,0,0.96551,0.091131,0.047379,0.9709,-5.6562e-07,3.6857e-07,0,4.7379e-05,147,-9.7761,-9.7786,0,0,0.96522,0.0909,0.0041517,0.97001,-0.01208,-0.010134,0,4.1517e-06,0,-3.9199,-4.0222,0,0,0.96537,0.091015,0.027844,0.9703,-3.1414e-05,-2.8191e-05,0,2.7844e-05,73,3.9984,3.9967,0,0,0.96564,0.091171,0.063596,0.97182,2.8751e-05,2.5552e-05,0,6.3596e-05,221,5.1243,5.1364,0,0,0.0001517,0.028336,3.745,3.4207,0.0029286,0.0028782,0,0.003745,85.592,1
296,83,0.066055,-0.0067491,0,0,0.96513,0.10339,1.6619,2.4509,1.0724e-05,5.3678e-06,0,0.0016619,147.5,9.8749,9.8756,0,0,0.96539,0.17069,11.244,11.287,0.010332,0.010206,0,0.011244,295,0.074682,0.019799,0,0,0.96514,0.091136,0.044387,0.97042,2.4844e-06,1.4322e-07,0,4.4387e-05,147,-9.7738,-9.7755,0,0,0.9647,0.090899,0.0032222,0.96933,-0.010404,-0.010023,0,3.2222e-06,0,-3.9199,-4.0222,0,0,0.96499,0.091014,0.022263,0.96981,-1.0481e-05,-2.3157e-05,0,2.2263e-05,73,3.9984,3.9967,0,0,0.96526,0.091173,0.0612,0.97137,2.1965e-05,3.5536e-05,0,6.12e-05,221,5.124,5.1361,0,0,0.00015265,0.028019,3.7008,3.3744,0.0028867,0.0028521,0,0.0037008,85.592,1
296,84,0.066058,-0.0067571,0,0,0.96476,0.10324,1.6399,2.4302,1.2537e-05,-3.332e-06,0,0.0016399,147.5,9.8727,9.8738,0,0,0.96502,0.1698,10.951,10.995,0.010383,0.010541,0,0.010951,295,0.07468,0.019808,0,0,0.96478,0.091132,0.041171,0.96991,2.4526e-06,-4.3142e-07,0,4.1171e-05,147,-9.7716,-9.7712,0,0,0.96399,0.090901,0.0037334,0.96884,-0.010177,-0.0099406,0,3.7334e-06,0,-3.9199,-4.0222,0,0,0.96462,0.091013,0.023746,0.96948,-2.0744e-05,-2.2314e-05,0,2.3746e-05,73,3.9984,3.9966,0,0,0.9649,0.091172,0.053226,0.97042,2.6101e-05,2.0227e-05,0,5.3226e-05,221,5.1237,5.1358,0,0,0.00016722,0.027669,3.6586,3.3321,0.0028512,0.0028203,0,0.0036586,85.592,1
296,85,0.066048,-0.0067419,0,0,0.96441,0.10309,1.6096,2.3987,3.5282e-06,9.7718e-06,0,0.0016095,147.5,9.8709,9.8718,0,0,0.96464,0.16898,11.371,11.413,0.01019,0.011371,0,0.011371,295,0.074674,0.019833,0,0,0.96443,0.091136,0.04191,0.96958,-3.8449e-06,3.8787e-06,0,4.191e-05,147,-9.7697,-9.7684,0,0,0.9639,0.090901,0.0015962,0.96863,-0.009983,-0.0099996,0,1.5962e-06,0,-3.9199,-4.0222,0,0,0.96428,0.091018,0.02526,0.96913,-2.9652e-05,-1.7778e-05,0,2.526e-05,73,3.9984,3.9966,0,0,0.96452,0.09118,0.059673,0.97042,2.7739e-05,3.2592e-05,0,5.9673e-05,221,5.1234,5.1355,0,0,0.00014707,0.027329,3.5934,3.2685,0.0027786,0.0027912,0,0.0035934,85.592,1
296,86,0.066059,-0.0067357,0,0,0.96403,0.10296,1.6065,2.389,1.3463e-05,1.61e-05,0,0.0016065,147.5,9.8693,9.8699,0,0,0.96425,0.16809,10.482,10.528,0.0098603,0.010482,0,0.010482,295,0.074684,0.019809,0,0,0.96403,0.091139,0.047234,0.96946,-1.7961e-07,-1.9193e-06,0,4.7234e-05,147,-9.7683,-9.7674,0,0,0.96375,0.090898,0.00074818,0.96853,-0.0096004,-0.010065,0,7.4818e-07,0,-3.9199,-4.0222,0,0,0.96392,0.091012,0.030653,0.96892,-2.5079e-05,-3.0313e-05,0,3.0653e-05,73,3.9984,3.9966,0,0,0.96413,0.091189,0.074131,0.97119,2.7201e-05,3.001e-05,0,7.4131e-05,221,5.1231,5.1352,0,0,0.00013155,0.027022,3.5592,3.2364,0.0027588,0.0027651,0,0.0035592,85.592,1
296,87,0.066054,-0.0067287,0,0,0.96366,0.10281,1.5848,2.3729,8.2105e-06,2.1108e-05,0,0.0015848,147.5,9.8676,9.8682,0,0,0.96389,0.16711,11.401,11.443,0.011018,0.010038,0,0.011401,295,0.074691,0.019797,0,0,0.96365,0.09113,0.042805,0.96889,9.3641e-07,2.7411e-06,0,4.2805e-05,147,-9.7667,-9.7666,0,0,0.96339,0.0909,0.0008333,0.96809,-0.0097239,-0.0095496,0,8.333e-07,0,-3.9199,-4.0222,0,0,0.96353,0.091016,0.022638,0.96832,-2.6651e-05,-2.2171e-05,0,2.2638e-05,73,3.9984,3.9966,0,0,0.96377,0.091178,0.059438,0.9697,2.1248e-05,1.88e-05,0,5.9438e-05,221,5.1228,5.1349,0,0,0.00013349,0.026688,3.5307,3.2062,0.0027448,0.0027297,0,0.0035307,85.592,1
296,88,0.066066,-0.0067366,0,0,0.9633,0.10267,1.5637,2.3516,1.9139e-05,1.3596e-05,0,0.0015637,147.5,9.8656,9.8664,0,0,0.96352,0.16614,10.968,11.011,0.010592,0.010033,0,0.010968,295,0.074686,0.019811,0,0,0.9633,0.091135,0.045204,0.96863,5.6812e-07,-2.5435e-06,0,4.5204e-05,147,-9.7645,-9.7649,0,0,0.96298,0.090902,0.0024279,0.96754,-0.0095667,-0.010268,0,2.4279e-06,0,-3.9199,-4.0222,0,0,0.96318,0.091014,0.026455,0.96804,-2.4766e-05,-2.7784e-05,0,2.6455e-05,73,3.9983,3.9966,0,0,0.9634,0.091183,0.056236,0.96915,2.5089e-05,3.2492e-05,0,5.6236e-05,221,5.1225,5.1346,0,0,0.00013151,0.026363,3.486,3.1622,0.0027008,0.0027038,0,0.003486,85.592,1
296,89,0.066054,-0.0067248,0,0,0.9629,0.10251,1.5753,2.3551,5.6064e-06,2.4268e-05,0,0.0015753,147.5,9.8638,9.8645,0,0,0.96316,0.16522,12.379,12.417,0.0097154,0.0098092,0,0.012379,295,0.074685,0.019834,0,0,0.96291,0.091126,0.048313,0.96839,3.8752e-06,4.524e-06,0,4.8313e-05,147,-9.7623,-9.7623,0,0,0.96257,0.090899,0.002448,0.96715,-0.011638,-0.0098611,0,2.448e-06,0,-3.9199,-4.0221,0,0,0.96279,0.091007,0.026114,0.96767,-2.6951e-05,-2.4808e-05,0,2.6114e-05,73,3.9983,3.9966,0,0,0.96303,0.091178,0.081932,0.9705,2.9451e-05,3.0555e-05,0,8.1932e-05,221,5.1221,5.1343,0,0,0.00014241,0.026016,3.4897,3.1692,0.0027177,0.0026984,0,0.0034897,85.592,1
296,90,0.066058,-0.0067344,0,0,0.96253,0.10237,1.5513,2.342,8.6188e-06,1.4147e-05,0,0.0015513,147.5,9.8617,9.8625,0,0,0.9628,0.16428,11.545,11.587,0.0096843,0.0099826,0,0.011546,295,0.074677,0.019829,0,0,0.96254,0.091134,0.038873,0.96762,5.4334e-06,-4.583e-06,0,3.8873e-05,147,-9.7604,-9.7599,0,0,0.96208,0.090898,0.0003636,0.96679,-0.0099869,-0.0094301,0,3.636e-07,0,-3.9199,-4.0222,0,0,0.9624,0.091016,0.018881,0.96714,-1.59e-05,-2.7227e-05,0,1.8881e-05,73,3.9983,3.9966,0,0,0.96266,0.091183,0.057831,0.96849,2.3188e-05,1.8687e-05,0,5.7831e-05,221,5.1218,5.134,0,0,0.00015267,0.025686,3.4642,3.1388,0.0026916,0.0026778,0,0.0034642,85.592,1
296,91,0.066055,-0.0067413,0,0,0.96217,0.10223,1.5344,2.3204,5.0368e-06,6.2005e-06,0,0.0015344,147.5,9.8594,9.8606,0,0,0.96243,0.16332,10.576,10.621,0.0094557,0.0097249,0,0.010576,295,0.074686,0.019796,0,0,0.96219,0.091141,0.043767,0.96748,-3.7658e-08,1.1293e-06,0,4.3767e-05,147,-9.7587,-9.7582,0,0,0.96181,0.0909,0.0028821,0.9664,-0.0096617,-0.0096643,0,2.8821e-06,0,-3.9199,-4.0222,0,0,0.96204,0.091017,0.026408,0.96696,-2.361e-05,-2.7457e-05,0,2.6408e-05,73,3.9983,3.9966,0,0,0.9623,0.091193,0.057293,0.96809,2.7601e-05,2.8991e-05,0,5.7293e-05,221,5.1215,5.1337,0,0,0.000146,0.025354,3.4095,3.0863,0.00265,0.0026391,0,0.0034095,85.592,1
296,92,0.066063,-0.0067334,0,0,0.96181,0.10207,1.5237,2.3088,1.278e-05,1.3793e-05,0,0.0015237,147.5,9.8578,9.8588,0,0,0.96206,0.16236,11.439,11.48,0.0094068,0.0099099,0,0.011439,295,0.074683,0.019795,0,0,0.9618,0.091126,0.044237,0.96708,5.0857e-07,5.3341e-07,0,4.4237e-05,147,-9.757,-9.7569,0,0,0.96147,0.090899,0.0013015,0.96631,-0.0093735,-0.0092579,0,1.3015e-06,0,-3.9197,-4.0221,0,0,0.96168,0.091008,0.023037,0.96652,-2.3202e-05,-2.0532e-05,0,2.3037e-05,73,3.9983,3.9966,0,0,0.96193,0.091175,0.063185,0.96806,3.0632e-05,2.7642e-05,0,6.3185e-05,221,5.1213,5.1334,0,0,0.00014204,0.025023,3.3849,3.0623,0.0026197,0.0026313,0,0.0033849,85.592,1
296,93,0.066063,-0.0067437,0,0,0.96143,0.10192,1.5151,2.3058,1.2429e-05,1.9283e-06,0,0.0015151,147.5,9.8565,9.857,0,0,0.96172,0.16149,11.941,11.98,0.011537,0.0096388,0,0.011941,295,0.07468,0.019824,0,0,0.96141,0.091125,0.034457,0.96635,-6.7353e-06,-1.1759e-06,0,3.4457e-05,147,-9.7552,-9.7552,0,0,0.96104,0.090898,0.0011709,0.96569,-0.010922,-0.0091948,0,1.1709e-06,0,-3.9199,-4.0221,0,0,0.96129,0.091015,0.018862,0.96605,-1.6791e-05,-2.409e-05,0,1.8862e-05,73,3.9983,3.9966,0,0,0.96157,0.091172,0.054831,0.96716,1.7797e-05,1.6738e-05,0,5.4831e-05,221,5.1209,5.1331,0,0,0.00016612,0.02467,3.3871,3.0627,0.0026435,0.0026053,0,0.0033871,85.592,1
296,94,0.066064,-0.0067343,0,0,0.96108,0.10177,1.4911,2.2782,1.1742e-05,1.0458e-05,0,0.0014911,147.5,9.8548,9.8552,0,0,0.96135,0.16053,9.953,10,0.0091487,0.0091152,0,0.009953,295,0.074687,0.019828,0,0,0.96108,0.09113,0.042096,0.96629,1.3531e-06,1.1571e-05,0,4.2096e-05,147,-9.7531,-9.7531,0,0,0.96061,0.090899,0.0026607,0.96536,-0.0095406,-0.0090153,0,2.6606e-06,0,-3.9199,-4.0221,0,0,0.96095,0.091013,0.023443,0.96582,-1.9775e-05,-2.8489e-05,0,2.3443e-05,73,3.9983,3.9965,0,0,0.96123,0.091186,0.058843,0.96712,1.7602e-05,2.9709e-05,0,5.8843e-05,221,5.1207,5.1328,0,0,0.00016198,0.024329,3.3135,2.99,0.0025764,0.0025636,0,0.0033135,85.592,1
296,95,0.066064,-0.0067289,0,0,0.96073,0.10162,1.4726,2.2598,1.1127e-05,1.6058e-05,0,0.0014726,147.5,9.8526,9.8534,0,0,0.96099,0.15953,11.17,11.212,0.0093752,0.011076,0,0.01117,295,0.074683,0.019815,0,0,0.96071,0.091126,0.041759,0.96591,-3.7687e-07,-6.457e-06,0,4.1759e-05,147,-9.7512,-9.7511,0,0,0.96021,0.090899,0.0025053,0.96526,-0.0090712,-0.0088832,0,2.5053e-06,0,-3.9198,-4.0221,0,0,0.96059,0.091007,0.026152,0.96553,-2.6946e-05,-2.0685e-05,0,2.6152e-05,73,3.9983,3.9965,0,0,0.96087,0.091184,0.05364,0.96648,2.9597e-05,1.917e-05,0,5.364e-05,221,5.1204,5.1325,0,0,0.0001608,0.023986,3.2789,2.9564,0.0025274,0.0025572,0,0.0032789,85.592,1
296,96,0.066056,-0.0067363,0,0,0.96039,0.10146,1.4382,2.2295,1.986e-06,7.9708e-06,0,0.0014382,147.5,9.8506,9.8516,0,0,0.96064,0.15848,9.5626,9.6118,0.0089348,0.0093214,0,0.0095626,295,0.074684,0.019811,0,0,0.96042,0.091121,0.033921,0.96528,1.9542e-06,-1.149e-06,0,3.3921e-05,147,-9.7496,-9.7489,0,0,0.95977,0.0909,0.0030438,0.96442,-0.0089168,-0.0089008,0,3.0439e-06,0,-3.9198,-4.0221,0,0,0.96026,0.091014,0.018545,0.96503,-1.8719e-05,-2.5682e-05,0,1.8545e-05,73,3.9983,3.9965,0,0,0.96053,0.091173,0.048372,0.96587,2.1796e-05,1.5166e-05,0,4.8372e-05,221,5.1201,5.1322,0,0,0.00016132,0.023632,3.2084,2.8842,0.0024693,0.0025044,0,0.0032084,85.592,1
296,97,0.066072,-0.006732,0,0,0.96004,0.10132,1.4272,2.2104,1.7532e-05,1.0672e-05,0,0.0014272,147.5,9.849,9.8498,0,0,0.96027,0.1575,10.614,10.658,0.010252,0.0091664,0,0.010614,295,0.074683,0.019819,0,0,0.96005,0.091131,0.042932,0.96528,-6.1046e-07,5.2506e-06,0,4.2932e-05,147,-9.7482,-9.7472,0,0,0.95975,0.090902,0.0010976,0.96444,-0.008637,-0.0085906,0,1.0976e-06,0,-3.9198,-4.0221,0,0,0.95992,0.091012,0.028406,0.96486,-2.1221e-05,-2.4292e-05,0,2.8406e-05,73,3.9983,3.9965,0,0,0.96017,0.091179,0.061022,0.96626,2.7727e-05,3.0777e-05,0,6.1022e-05,221,5.1198,5.1319,0,0,0.00013438,0.023301,3.1636,2.8435,0.0024552,0.0024544,0,0.0031636,85.592,1
296,98,0.066067,-0.006736,0,0,0.95969,0.10117,1.4082,2.1938,1.2338e-05,5.7237e-06,0,0.0014082,147.5,9.8475,9.848,0,0,0.95992,0.15655,10.918,10.962,0.010547,0.0086485,0,0.010918,295,0.074683,0.019824,0,0,0.95969,0.091119,0.043789,0.96495,-2.4467e-06,-6.5151e-06,0,4.3789e-05,147,-9.7462,-9.7461,0,0,0.95941,0.090903,0.0019181,0.96404,-0.0085262,-0.0084698,0,1.9181e-06,0,-3.9198,-4.0221,0,0,0.95957,0.091004,0.024022,0.9644,-2.9006e-05,-2.6467e-05,0,2.4022e-05,73,3.9982,3.9965,0,0,0.95981,0.091172,0.061723,0.96594,1.9864e-05,2.9057e-05,0,6.1723e-05,221,5.1195,5.1317,0,0,0.00013074,0.022971,3.126,2.8049,0.0024343,0.0024157,0,0.003126,85.592,1
296,99,0.066065,-0.0067237,0,0,0.95936,0.10102,1.3771,2.1671,8.8191e-06,1.6216e-05,0,0.0013771,147.5,9.8458,9.8462,0,0,0.95958,0.1556,9.3109,9.3614,0.0086738,0.0092302,0,0.0093109,295,0.074686,0.019824,0,0,0.95937,0.091123,0.037575,0.96441,1.3253e-06,1.7805e-06,0,3.7575e-05,147,-9.7441,-9.7446,0,0,0.95897,0.090903,0.0004624,0.96356,-0.0084684,-0.0083552,0,4.624e-07,0,-3.9198,-4.0221,0,0,0.95924,0.091009,0.021882,0.96402,-2.0489e-05,-2.2092e-05,0,2.1882e-05,73,3.9982,3.9965,0,0,0.95947,0.091171,0.047623,0.96477,1.8494e-05,2.6347e-05,0,4.7623e-05,221,5.1192,5.1314,0,0,0.00013109,0.022625,3.0688,2.7464,0.0023915,0.0023667,0,0.0030688,85.592,1
